No.,Time,Src Port,Dst Port,Source,Destination,Protocol,Length
1,2017-01-19 18:09:44,49286,80,10.1.19.102,192.185.225.245,TCP,66
2,2017-01-19 18:09:44,80,49286,192.185.225.245,10.1.19.102,TCP,60
3,2017-01-19 18:09:44,49286,80,10.1.19.102,192.185.225.245,TCP,60
4,2017-01-19 18:09:44,49286,80,10.1.19.102,192.185.225.245,HTTP,540
5,2017-01-19 18:09:44,80,49286,192.185.225.245,10.1.19.102,TCP,60
6,2017-01-19 18:09:46,80,49286,192.185.225.245,10.1.19.102,TCP,589
7,2017-01-19 18:09:46,80,49286,192.185.225.245,10.1.19.102,TCP,306
8,2017-01-19 18:09:46,49286,80,10.1.19.102,192.185.225.245,TCP,60
9,2017-01-19 18:09:46,49287,80,10.1.19.102,92.53.119.137,TCP,66
10,2017-01-19 18:09:46,80,49287,92.53.119.137,10.1.19.102,TCP,60
11,2017-01-19 18:09:46,49287,80,10.1.19.102,92.53.119.137,TCP,60
12,2017-01-19 18:09:46,49287,80,10.1.19.102,92.53.119.137,HTTP,801
13,2017-01-19 18:09:46,80,49287,92.53.119.137,10.1.19.102,TCP,60
14,2017-01-19 18:09:47,80,49287,92.53.119.137,10.1.19.102,TCP,1514
15,2017-01-19 18:09:47,80,49287,92.53.119.137,10.1.19.102,HTTP,629
16,2017-01-19 18:09:47,49287,80,10.1.19.102,92.53.119.137,TCP,60
17,2017-01-19 18:09:47,49287,80,10.1.19.102,92.53.119.137,HTTP,854
18,2017-01-19 18:09:47,80,49287,92.53.119.137,10.1.19.102,TCP,60
19,2017-01-19 18:09:47,80,49287,92.53.119.137,10.1.19.102,TCP,1514
20,2017-01-19 18:09:47,80,49287,92.53.119.137,10.1.19.102,TCP,1514
21,2017-01-19 18:09:47,80,49287,92.53.119.137,10.1.19.102,TCP,1157
22,2017-01-19 18:09:47,80,49287,92.53.119.137,10.1.19.102,TCP,1395
23,2017-01-19 18:09:47,80,49287,92.53.119.137,10.1.19.102,TCP,1395
24,2017-01-19 18:09:47,80,49287,92.53.119.137,10.1.19.102,TCP,1395
25,2017-01-19 18:09:47,80,49287,92.53.119.137,10.1.19.102,TCP,1514
26,2017-01-19 18:09:47,49287,80,10.1.19.102,92.53.119.137,TCP,60
27,2017-01-19 18:09:48,80,49287,92.53.119.137,10.1.19.102,TCP,1395
28,2017-01-19 18:09:48,80,49287,92.53.119.137,10.1.19.102,TCP,1514
29,2017-01-19 18:09:48,80,49287,92.53.119.137,10.1.19.102,TCP,1276
30,2017-01-19 18:09:48,49287,80,10.1.19.102,92.53.119.137,TCP,60
31,2017-01-19 18:09:48,80,49287,92.53.119.137,10.1.19.102,TCP,1395
32,2017-01-19 18:09:48,80,49287,92.53.119.137,10.1.19.102,TCP,1514
33,2017-01-19 18:09:48,80,49287,92.53.119.137,10.1.19.102,TCP,252
34,2017-01-19 18:09:48,49287,80,10.1.19.102,92.53.119.137,TCP,60
35,2017-01-19 18:09:48,80,49286,192.185.225.245,10.1.19.102,TCP,1514
36,2017-01-19 18:09:48,80,49286,192.185.225.245,10.1.19.102,TCP,1276
37,2017-01-19 18:09:48,80,49286,192.185.225.245,10.1.19.102,TCP,1514
38,2017-01-19 18:09:48,80,49286,192.185.225.245,10.1.19.102,TCP,1276
39,2017-01-19 18:09:48,80,49286,192.185.225.245,10.1.19.102,TCP,1309
40,2017-01-19 18:09:48,80,49286,192.185.225.245,10.1.19.102,TCP,1395
41,2017-01-19 18:09:48,80,49286,192.185.225.245,10.1.19.102,TCP,1395
42,2017-01-19 18:09:48,49286,80,10.1.19.102,192.185.225.245,TCP,60
43,2017-01-19 18:09:48,80,49286,192.185.225.245,10.1.19.102,TCP,1514
44,2017-01-19 18:09:48,80,49286,192.185.225.245,10.1.19.102,TCP,1514
45,2017-01-19 18:09:48,80,49286,192.185.225.245,10.1.19.102,TCP,1157
46,2017-01-19 18:09:48,49286,80,10.1.19.102,192.185.225.245,TCP,60
47,2017-01-19 18:09:48,49286,80,10.1.19.102,192.185.225.245,TCP,60
48,2017-01-19 18:09:48,49286,80,10.1.19.102,192.185.225.245,TCP,60
49,2017-01-19 18:09:48,80,49286,192.185.225.245,10.1.19.102,TCP,1395
50,2017-01-19 18:09:48,80,49286,192.185.225.245,10.1.19.102,TCP,1514
51,2017-01-19 18:09:48,80,49286,192.185.225.245,10.1.19.102,HTTP,494
52,2017-01-19 18:09:48,49286,80,10.1.19.102,192.185.225.245,TCP,60
53,2017-01-19 18:09:49,49288,80,10.1.19.102,92.53.119.137,TCP,66
54,2017-01-19 18:09:49,49287,80,10.1.19.102,92.53.119.137,HTTP,764
55,2017-01-19 18:09:49,80,49287,92.53.119.137,10.1.19.102,TCP,60
56,2017-01-19 18:09:49,49297,80,10.1.19.102,92.53.119.137,TCP,66
57,2017-01-19 18:09:49,80,49288,92.53.119.137,10.1.19.102,TCP,60
58,2017-01-19 18:09:49,49288,80,10.1.19.102,92.53.119.137,TCP,60
59,2017-01-19 18:09:49,49288,80,10.1.19.102,92.53.119.137,HTTP,529
60,2017-01-19 18:09:49,80,49288,92.53.119.137,10.1.19.102,TCP,60
61,2017-01-19 18:09:49,80,49297,92.53.119.137,10.1.19.102,TCP,60
62,2017-01-19 18:09:49,49297,80,10.1.19.102,92.53.119.137,TCP,60
63,2017-01-19 18:09:49,49297,80,10.1.19.102,92.53.119.137,HTTP,801
64,2017-01-19 18:09:49,80,49297,92.53.119.137,10.1.19.102,TCP,60
65,2017-01-19 18:09:49,80,49297,92.53.119.137,10.1.19.102,TCP,1514
66,2017-01-19 18:09:49,80,49297,92.53.119.137,10.1.19.102,HTTP,624
67,2017-01-19 18:09:49,49297,80,10.1.19.102,92.53.119.137,TCP,60
68,2017-01-19 18:09:49,49297,80,10.1.19.102,92.53.119.137,HTTP,849
69,2017-01-19 18:09:49,80,49297,92.53.119.137,10.1.19.102,TCP,60
70,2017-01-19 18:09:49,80,49287,92.53.119.137,10.1.19.102,TCP,1514
71,2017-01-19 18:09:49,80,49287,92.53.119.137,10.1.19.102,TCP,1276
72,2017-01-19 18:09:49,80,49287,92.53.119.137,10.1.19.102,TCP,1395
73,2017-01-19 18:09:49,80,49287,92.53.119.137,10.1.19.102,TCP,1395
74,2017-01-19 18:09:49,80,49287,92.53.119.137,10.1.19.102,TCP,1395
75,2017-01-19 18:09:49,80,49287,92.53.119.137,10.1.19.102,TCP,1395
76,2017-01-19 18:09:49,80,49287,92.53.119.137,10.1.19.102,TCP,1514
77,2017-01-19 18:09:49,80,49287,92.53.119.137,10.1.19.102,TCP,1276
78,2017-01-19 18:09:49,80,49287,92.53.119.137,10.1.19.102,TCP,1395
79,2017-01-19 18:09:49,80,49287,92.53.119.137,10.1.19.102,TCP,284
80,2017-01-19 18:09:49,49287,80,10.1.19.102,92.53.119.137,TCP,60
81,2017-01-19 18:09:50,80,49287,92.53.119.137,10.1.19.102,TCP,1395
82,2017-01-19 18:09:50,80,49287,92.53.119.137,10.1.19.102,TCP,1514
83,2017-01-19 18:09:50,80,49287,92.53.119.137,10.1.19.102,TCP,1276
84,2017-01-19 18:09:50,49287,80,10.1.19.102,92.53.119.137,TCP,60
85,2017-01-19 18:09:50,80,49287,92.53.119.137,10.1.19.102,TCP,1395
86,2017-01-19 18:09:50,80,49287,92.53.119.137,10.1.19.102,TCP,1395
87,2017-01-19 18:09:50,80,49287,92.53.119.137,10.1.19.102,TCP,1395
88,2017-01-19 18:09:50,80,49287,92.53.119.137,10.1.19.102,TCP,1514
89,2017-01-19 18:09:50,80,49287,92.53.119.137,10.1.19.102,TCP,1276
90,2017-01-19 18:09:50,80,49287,92.53.119.137,10.1.19.102,TCP,1514
91,2017-01-19 18:09:50,80,49287,92.53.119.137,10.1.19.102,TCP,1276
92,2017-01-19 18:09:50,49287,80,10.1.19.102,92.53.119.137,TCP,60
93,2017-01-19 18:09:50,80,49287,92.53.119.137,10.1.19.102,TCP,1395
94,2017-01-19 18:09:50,80,49287,92.53.119.137,10.1.19.102,TCP,1514
95,2017-01-19 18:09:50,80,49287,92.53.119.137,10.1.19.102,TCP,1276
96,2017-01-19 18:09:50,80,49287,92.53.119.137,10.1.19.102,TCP,1395
97,2017-01-19 18:09:50,49287,80,10.1.19.102,92.53.119.137,TCP,60
98,2017-01-19 18:09:50,80,49287,92.53.119.137,10.1.19.102,TCP,1514
99,2017-01-19 18:09:50,80,49287,92.53.119.137,10.1.19.102,TCP,1514
100,2017-01-19 18:09:50,80,49287,92.53.119.137,10.1.19.102,TCP,1157
101,2017-01-19 18:09:50,80,49287,92.53.119.137,10.1.19.102,TCP,1514
102,2017-01-19 18:09:50,80,49287,92.53.119.137,10.1.19.102,TCP,1514
103,2017-01-19 18:09:50,80,49287,92.53.119.137,10.1.19.102,HTTP,528
104,2017-01-19 18:09:50,49287,80,10.1.19.102,92.53.119.137,TCP,60
105,2017-01-19 18:09:50,80,49297,92.53.119.137,10.1.19.102,TCP,1395
106,2017-01-19 18:09:50,80,49297,92.53.119.137,10.1.19.102,TCP,1395
107,2017-01-19 18:09:50,49297,80,10.1.19.102,92.53.119.137,TCP,60
108,2017-01-19 18:09:50,80,49297,92.53.119.137,10.1.19.102,TCP,1395
109,2017-01-19 18:09:50,80,49297,92.53.119.137,10.1.19.102,TCP,1395
110,2017-01-19 18:09:50,80,49297,92.53.119.137,10.1.19.102,TCP,1395
111,2017-01-19 18:09:50,80,49297,92.53.119.137,10.1.19.102,TCP,1514
112,2017-01-19 18:09:50,80,49297,92.53.119.137,10.1.19.102,TCP,1276
113,2017-01-19 18:09:50,49297,80,10.1.19.102,92.53.119.137,TCP,60
114,2017-01-19 18:09:50,80,49297,92.53.119.137,10.1.19.102,TCP,1514
115,2017-01-19 18:09:50,80,49297,92.53.119.137,10.1.19.102,TCP,1276
116,2017-01-19 18:09:50,49297,80,10.1.19.102,92.53.119.137,TCP,60
117,2017-01-19 18:09:50,80,49297,92.53.119.137,10.1.19.102,TCP,284
118,2017-01-19 18:09:50,49297,80,10.1.19.102,92.53.119.137,TCP,60
119,2017-01-19 18:09:50,80,49297,92.53.119.137,10.1.19.102,TCP,1395
120,2017-01-19 18:09:50,80,49297,92.53.119.137,10.1.19.102,TCP,1395
121,2017-01-19 18:09:50,80,49297,92.53.119.137,10.1.19.102,TCP,1395
122,2017-01-19 18:09:50,49297,80,10.1.19.102,92.53.119.137,TCP,60
123,2017-01-19 18:09:50,80,49297,92.53.119.137,10.1.19.102,TCP,1514
124,2017-01-19 18:09:50,80,49297,92.53.119.137,10.1.19.102,TCP,1514
125,2017-01-19 18:09:50,80,49297,92.53.119.137,10.1.19.102,HTTP,212
126,2017-01-19 18:09:50,49297,80,10.1.19.102,92.53.119.137,TCP,60
127,2017-01-19 18:09:51,80,49288,92.53.119.137,10.1.19.102,TCP,1514
128,2017-01-19 18:09:51,80,49288,92.53.119.137,10.1.19.102,TCP,1276
129,2017-01-19 18:09:51,49288,80,10.1.19.102,92.53.119.137,TCP,60
130,2017-01-19 18:09:51,80,49288,92.53.119.137,10.1.19.102,TCP,1514
131,2017-01-19 18:09:51,80,49288,92.53.119.137,10.1.19.102,TCP,1276
132,2017-01-19 18:09:51,80,49288,92.53.119.137,10.1.19.102,TCP,1395
133,2017-01-19 18:09:51,80,49288,92.53.119.137,10.1.19.102,TCP,1395
134,2017-01-19 18:09:51,80,49288,92.53.119.137,10.1.19.102,TCP,1514
135,2017-01-19 18:09:51,80,49288,92.53.119.137,10.1.19.102,TCP,1276
136,2017-01-19 18:09:51,80,49288,92.53.119.137,10.1.19.102,TCP,1514
137,2017-01-19 18:09:51,49288,80,10.1.19.102,92.53.119.137,TCP,60
138,2017-01-19 18:09:51,80,49288,92.53.119.137,10.1.19.102,TCP,1514
139,2017-01-19 18:09:51,80,49288,92.53.119.137,10.1.19.102,TCP,1276
140,2017-01-19 18:09:51,80,49288,92.53.119.137,10.1.19.102,TCP,1395
141,2017-01-19 18:09:51,80,49288,92.53.119.137,10.1.19.102,TCP,1395
142,2017-01-19 18:09:51,49288,80,10.1.19.102,92.53.119.137,TCP,60
143,2017-01-19 18:09:51,80,49288,92.53.119.137,10.1.19.102,TCP,1514
144,2017-01-19 18:09:51,80,49288,92.53.119.137,10.1.19.102,TCP,1276
145,2017-01-19 18:09:51,80,49288,92.53.119.137,10.1.19.102,TCP,1514
146,2017-01-19 18:09:51,80,49288,92.53.119.137,10.1.19.102,TCP,1276
147,2017-01-19 18:09:51,80,49288,92.53.119.137,10.1.19.102,TCP,1395
148,2017-01-19 18:09:51,49288,80,10.1.19.102,92.53.119.137,TCP,60
149,2017-01-19 18:09:51,80,49288,92.53.119.137,10.1.19.102,TCP,1514
150,2017-01-19 18:09:51,80,49288,92.53.119.137,10.1.19.102,TCP,1276
151,2017-01-19 18:09:51,49288,80,10.1.19.102,92.53.119.137,TCP,60
152,2017-01-19 18:09:51,80,49288,92.53.119.137,10.1.19.102,TCP,1514
153,2017-01-19 18:09:51,80,49288,92.53.119.137,10.1.19.102,TCP,1514
154,2017-01-19 18:09:51,80,49288,92.53.119.137,10.1.19.102,TCP,1157
155,2017-01-19 18:09:51,49288,80,10.1.19.102,92.53.119.137,TCP,60
156,2017-01-19 18:09:51,80,49288,92.53.119.137,10.1.19.102,TCP,1514
157,2017-01-19 18:09:51,80,49288,92.53.119.137,10.1.19.102,TCP,1514
158,2017-01-19 18:09:51,80,49288,92.53.119.137,10.1.19.102,TCP,1514
159,2017-01-19 18:09:51,80,49288,92.53.119.137,10.1.19.102,TCP,1038
160,2017-01-19 18:09:51,80,49288,92.53.119.137,10.1.19.102,TCP,1395
161,2017-01-19 18:09:51,49288,80,10.1.19.102,92.53.119.137,TCP,60
162,2017-01-19 18:09:51,80,49288,92.53.119.137,10.1.19.102,TCP,1395
163,2017-01-19 18:09:51,80,49288,92.53.119.137,10.1.19.102,TCP,1395
164,2017-01-19 18:09:51,49288,80,10.1.19.102,92.53.119.137,TCP,60
165,2017-01-19 18:09:51,80,49288,92.53.119.137,10.1.19.102,TCP,1395
166,2017-01-19 18:09:51,80,49288,92.53.119.137,10.1.19.102,TCP,1395
167,2017-01-19 18:09:51,49288,80,10.1.19.102,92.53.119.137,TCP,60
168,2017-01-19 18:09:51,80,49288,92.53.119.137,10.1.19.102,TCP,1395
169,2017-01-19 18:09:51,80,49288,92.53.119.137,10.1.19.102,TCP,1395
170,2017-01-19 18:09:51,80,49288,92.53.119.137,10.1.19.102,TCP,1395
171,2017-01-19 18:09:51,49288,80,10.1.19.102,92.53.119.137,TCP,60
172,2017-01-19 18:09:51,80,49288,92.53.119.137,10.1.19.102,TCP,1395
173,2017-01-19 18:09:51,80,49288,92.53.119.137,10.1.19.102,TCP,1395
174,2017-01-19 18:09:51,49288,80,10.1.19.102,92.53.119.137,TCP,60
175,2017-01-19 18:09:51,80,49288,92.53.119.137,10.1.19.102,TCP,1514
176,2017-01-19 18:09:51,80,49288,92.53.119.137,10.1.19.102,TCP,1514
177,2017-01-19 18:09:51,80,49288,92.53.119.137,10.1.19.102,TCP,1157
178,2017-01-19 18:09:51,80,49288,92.53.119.137,10.1.19.102,TCP,1514
179,2017-01-19 18:09:51,80,49288,92.53.119.137,10.1.19.102,TCP,1276
180,2017-01-19 18:09:51,49288,80,10.1.19.102,92.53.119.137,TCP,60
181,2017-01-19 18:09:51,80,49288,92.53.119.137,10.1.19.102,TCP,1395
182,2017-01-19 18:09:51,80,49288,92.53.119.137,10.1.19.102,TCP,1514
183,2017-01-19 18:09:51,80,49288,92.53.119.137,10.1.19.102,TCP,1276
184,2017-01-19 18:09:51,49288,80,10.1.19.102,92.53.119.137,TCP,60
185,2017-01-19 18:09:51,80,49288,92.53.119.137,10.1.19.102,TCP,1395
186,2017-01-19 18:09:51,80,49288,92.53.119.137,10.1.19.102,TCP,1514
187,2017-01-19 18:09:51,80,49288,92.53.119.137,10.1.19.102,TCP,1276
188,2017-01-19 18:09:51,80,49288,92.53.119.137,10.1.19.102,TCP,1514
189,2017-01-19 18:09:51,49288,80,10.1.19.102,92.53.119.137,TCP,60
190,2017-01-19 18:09:51,80,49288,92.53.119.137,10.1.19.102,TCP,1276
191,2017-01-19 18:09:51,80,49288,92.53.119.137,10.1.19.102,TCP,1395
192,2017-01-19 18:09:51,49288,80,10.1.19.102,92.53.119.137,TCP,60
193,2017-01-19 18:09:51,80,49288,92.53.119.137,10.1.19.102,TCP,1395
194,2017-01-19 18:09:51,80,49288,92.53.119.137,10.1.19.102,TCP,1395
195,2017-01-19 18:09:51,80,49288,92.53.119.137,10.1.19.102,TCP,1514
196,2017-01-19 18:09:51,80,49288,92.53.119.137,10.1.19.102,TCP,1276
197,2017-01-19 18:09:51,80,49288,92.53.119.137,10.1.19.102,TCP,1395
198,2017-01-19 18:09:51,49288,80,10.1.19.102,92.53.119.137,TCP,60
199,2017-01-19 18:09:51,80,49288,92.53.119.137,10.1.19.102,TCP,1514
200,2017-01-19 18:09:51,80,49288,92.53.119.137,10.1.19.102,TCP,1276
201,2017-01-19 18:09:51,49288,80,10.1.19.102,92.53.119.137,TCP,60
202,2017-01-19 18:09:51,49288,80,10.1.19.102,92.53.119.137,TCP,60
203,2017-01-19 18:09:51,80,49288,92.53.119.137,10.1.19.102,TCP,1395
204,2017-01-19 18:09:51,80,49288,92.53.119.137,10.1.19.102,TCP,1514
205,2017-01-19 18:09:51,80,49288,92.53.119.137,10.1.19.102,TCP,1276
206,2017-01-19 18:09:51,80,49288,92.53.119.137,10.1.19.102,TCP,1514
207,2017-01-19 18:09:51,80,49288,92.53.119.137,10.1.19.102,TCP,1276
208,2017-01-19 18:09:51,80,49288,92.53.119.137,10.1.19.102,TCP,1395
209,2017-01-19 18:09:51,80,49288,92.53.119.137,10.1.19.102,TCP,1395
210,2017-01-19 18:09:51,80,49288,92.53.119.137,10.1.19.102,TCP,1514
211,2017-01-19 18:09:51,80,49288,92.53.119.137,10.1.19.102,TCP,1276
212,2017-01-19 18:09:51,49288,80,10.1.19.102,92.53.119.137,TCP,60
213,2017-01-19 18:09:51,49288,80,10.1.19.102,92.53.119.137,TCP,60
214,2017-01-19 18:09:51,80,49288,92.53.119.137,10.1.19.102,TCP,1395
215,2017-01-19 18:09:51,80,49288,92.53.119.137,10.1.19.102,TCP,1395
216,2017-01-19 18:09:51,80,49288,92.53.119.137,10.1.19.102,TCP,1395
217,2017-01-19 18:09:51,49288,80,10.1.19.102,92.53.119.137,TCP,60
218,2017-01-19 18:09:51,49297,80,10.1.19.102,92.53.119.137,HTTP,771
219,2017-01-19 18:09:51,80,49297,92.53.119.137,10.1.19.102,TCP,60
220,2017-01-19 18:09:51,49308,80,10.1.19.102,92.53.119.137,TCP,66
221,2017-01-19 18:09:51,80,49288,92.53.119.137,10.1.19.102,TCP,1395
222,2017-01-19 18:09:51,80,49288,92.53.119.137,10.1.19.102,TCP,1395
223,2017-01-19 18:09:51,80,49288,92.53.119.137,10.1.19.102,TCP,1395
224,2017-01-19 18:09:51,49288,80,10.1.19.102,92.53.119.137,TCP,60
225,2017-01-19 18:09:51,80,49288,92.53.119.137,10.1.19.102,TCP,1514
226,2017-01-19 18:09:51,80,49288,92.53.119.137,10.1.19.102,TCP,1514
227,2017-01-19 18:09:51,80,49288,92.53.119.137,10.1.19.102,TCP,1157
228,2017-01-19 18:09:51,49288,80,10.1.19.102,92.53.119.137,TCP,60
229,2017-01-19 18:09:51,80,49288,92.53.119.137,10.1.19.102,TCP,1395
230,2017-01-19 18:09:51,80,49288,92.53.119.137,10.1.19.102,TCP,1514
231,2017-01-19 18:09:51,80,49288,92.53.119.137,10.1.19.102,TCP,1276
232,2017-01-19 18:09:51,49288,80,10.1.19.102,92.53.119.137,TCP,60
233,2017-01-19 18:09:51,80,49288,92.53.119.137,10.1.19.102,TCP,1395
234,2017-01-19 18:09:51,80,49288,92.53.119.137,10.1.19.102,TCP,1395
235,2017-01-19 18:09:51,80,49288,92.53.119.137,10.1.19.102,TCP,1395
236,2017-01-19 18:09:51,80,49288,92.53.119.137,10.1.19.102,TCP,1514
237,2017-01-19 18:09:51,80,49288,92.53.119.137,10.1.19.102,TCP,1276
238,2017-01-19 18:09:51,80,49288,92.53.119.137,10.1.19.102,TCP,1395
239,2017-01-19 18:09:51,49288,80,10.1.19.102,92.53.119.137,TCP,60
240,2017-01-19 18:09:51,49288,80,10.1.19.102,92.53.119.137,TCP,60
241,2017-01-19 18:09:51,80,49288,92.53.119.137,10.1.19.102,TCP,1514
242,2017-01-19 18:09:51,80,49288,92.53.119.137,10.1.19.102,TCP,1514
243,2017-01-19 18:09:51,80,49288,92.53.119.137,10.1.19.102,TCP,1157
244,2017-01-19 18:09:51,80,49288,92.53.119.137,10.1.19.102,TCP,1395
245,2017-01-19 18:09:51,80,49288,92.53.119.137,10.1.19.102,TCP,1395
246,2017-01-19 18:09:51,49288,80,10.1.19.102,92.53.119.137,TCP,60
247,2017-01-19 18:09:51,80,49288,92.53.119.137,10.1.19.102,TCP,1514
248,2017-01-19 18:09:51,80,49288,92.53.119.137,10.1.19.102,TCP,1276
249,2017-01-19 18:09:51,49288,80,10.1.19.102,92.53.119.137,TCP,60
250,2017-01-19 18:09:51,80,49288,92.53.119.137,10.1.19.102,TCP,1514
251,2017-01-19 18:09:51,80,49288,92.53.119.137,10.1.19.102,TCP,1276
252,2017-01-19 18:09:51,80,49288,92.53.119.137,10.1.19.102,TCP,1395
253,2017-01-19 18:09:51,80,49288,92.53.119.137,10.1.19.102,TCP,1514
254,2017-01-19 18:09:51,80,49288,92.53.119.137,10.1.19.102,TCP,1276
255,2017-01-19 18:09:51,80,49288,92.53.119.137,10.1.19.102,TCP,1395
256,2017-01-19 18:09:51,80,49288,92.53.119.137,10.1.19.102,TCP,1514
257,2017-01-19 18:09:51,49288,80,10.1.19.102,92.53.119.137,TCP,60
258,2017-01-19 18:09:51,80,49288,92.53.119.137,10.1.19.102,TCP,1514
259,2017-01-19 18:09:51,80,49288,92.53.119.137,10.1.19.102,TCP,1514
260,2017-01-19 18:09:51,80,49288,92.53.119.137,10.1.19.102,TCP,1276
261,2017-01-19 18:09:51,49288,80,10.1.19.102,92.53.119.137,TCP,60
262,2017-01-19 18:09:51,80,49288,92.53.119.137,10.1.19.102,TCP,1514
263,2017-01-19 18:09:51,80,49288,92.53.119.137,10.1.19.102,TCP,1276
264,2017-01-19 18:09:51,80,49288,92.53.119.137,10.1.19.102,TCP,1514
265,2017-01-19 18:09:51,80,49288,92.53.119.137,10.1.19.102,TCP,1276
266,2017-01-19 18:09:51,49288,80,10.1.19.102,92.53.119.137,TCP,60
267,2017-01-19 18:09:51,80,49288,92.53.119.137,10.1.19.102,TCP,1514
268,2017-01-19 18:09:51,80,49288,92.53.119.137,10.1.19.102,TCP,1276
269,2017-01-19 18:09:51,49288,80,10.1.19.102,92.53.119.137,TCP,60
270,2017-01-19 18:09:51,80,49288,92.53.119.137,10.1.19.102,TCP,1395
271,2017-01-19 18:09:51,49288,80,10.1.19.102,92.53.119.137,TCP,60
272,2017-01-19 18:09:51,80,49288,92.53.119.137,10.1.19.102,TCP,1514
273,2017-01-19 18:09:51,80,49288,92.53.119.137,10.1.19.102,TCP,1276
274,2017-01-19 18:09:51,80,49288,92.53.119.137,10.1.19.102,TCP,1514
275,2017-01-19 18:09:51,80,49288,92.53.119.137,10.1.19.102,TCP,1276
276,2017-01-19 18:09:51,80,49288,92.53.119.137,10.1.19.102,TCP,1395
277,2017-01-19 18:09:51,80,49288,92.53.119.137,10.1.19.102,TCP,1514
278,2017-01-19 18:09:51,80,49288,92.53.119.137,10.1.19.102,TCP,1276
279,2017-01-19 18:09:51,49288,80,10.1.19.102,92.53.119.137,TCP,60
280,2017-01-19 18:09:51,80,49288,92.53.119.137,10.1.19.102,TCP,1514
281,2017-01-19 18:09:51,80,49288,92.53.119.137,10.1.19.102,TCP,1514
282,2017-01-19 18:09:51,80,49288,92.53.119.137,10.1.19.102,TCP,1157
283,2017-01-19 18:09:51,80,49288,92.53.119.137,10.1.19.102,TCP,1395
284,2017-01-19 18:09:51,80,49288,92.53.119.137,10.1.19.102,TCP,1395
285,2017-01-19 18:09:51,49288,80,10.1.19.102,92.53.119.137,TCP,60
286,2017-01-19 18:09:51,80,49288,92.53.119.137,10.1.19.102,TCP,1395
287,2017-01-19 18:09:51,80,49288,92.53.119.137,10.1.19.102,TCP,1395
288,2017-01-19 18:09:51,49288,80,10.1.19.102,92.53.119.137,TCP,60
289,2017-01-19 18:09:51,80,49288,92.53.119.137,10.1.19.102,TCP,1395
290,2017-01-19 18:09:51,80,49288,92.53.119.137,10.1.19.102,TCP,1514
291,2017-01-19 18:09:51,80,49288,92.53.119.137,10.1.19.102,TCP,1276
292,2017-01-19 18:09:51,49288,80,10.1.19.102,92.53.119.137,TCP,60
293,2017-01-19 18:09:51,80,49288,92.53.119.137,10.1.19.102,TCP,1514
294,2017-01-19 18:09:51,80,49288,92.53.119.137,10.1.19.102,TCP,1276
295,2017-01-19 18:09:51,80,49288,92.53.119.137,10.1.19.102,TCP,1395
296,2017-01-19 18:09:51,80,49288,92.53.119.137,10.1.19.102,TCP,1395
297,2017-01-19 18:09:51,49288,80,10.1.19.102,92.53.119.137,TCP,60
298,2017-01-19 18:09:51,80,49288,92.53.119.137,10.1.19.102,TCP,1395
299,2017-01-19 18:09:51,49288,80,10.1.19.102,92.53.119.137,TCP,60
300,2017-01-19 18:09:51,80,49308,92.53.119.137,10.1.19.102,TCP,60
301,2017-01-19 18:09:51,49308,80,10.1.19.102,92.53.119.137,TCP,60
302,2017-01-19 18:09:51,49308,80,10.1.19.102,92.53.119.137,HTTP,529
303,2017-01-19 18:09:51,80,49308,92.53.119.137,10.1.19.102,TCP,60
304,2017-01-19 18:09:52,80,49288,92.53.119.137,10.1.19.102,TCP,1514
305,2017-01-19 18:09:52,80,49288,92.53.119.137,10.1.19.102,TCP,1276
306,2017-01-19 18:09:52,49288,80,10.1.19.102,92.53.119.137,TCP,60
307,2017-01-19 18:09:52,80,49288,92.53.119.137,10.1.19.102,TCP,1514
308,2017-01-19 18:09:52,80,49288,92.53.119.137,10.1.19.102,TCP,1514
309,2017-01-19 18:09:52,80,49288,92.53.119.137,10.1.19.102,TCP,1157
310,2017-01-19 18:09:52,80,49288,92.53.119.137,10.1.19.102,TCP,1395
311,2017-01-19 18:09:52,80,49288,92.53.119.137,10.1.19.102,TCP,1395
312,2017-01-19 18:09:52,80,49288,92.53.119.137,10.1.19.102,TCP,1395
313,2017-01-19 18:09:52,80,49288,92.53.119.137,10.1.19.102,TCP,1395
314,2017-01-19 18:09:52,49288,80,10.1.19.102,92.53.119.137,TCP,60
315,2017-01-19 18:09:52,80,49288,92.53.119.137,10.1.19.102,TCP,1395
316,2017-01-19 18:09:52,80,49288,92.53.119.137,10.1.19.102,TCP,1395
317,2017-01-19 18:09:52,49288,80,10.1.19.102,92.53.119.137,TCP,60
318,2017-01-19 18:09:52,80,49288,92.53.119.137,10.1.19.102,TCP,1395
319,2017-01-19 18:09:52,80,49288,92.53.119.137,10.1.19.102,TCP,1395
320,2017-01-19 18:09:52,80,49288,92.53.119.137,10.1.19.102,TCP,1395
321,2017-01-19 18:09:52,80,49288,92.53.119.137,10.1.19.102,TCP,1395
322,2017-01-19 18:09:52,49288,80,10.1.19.102,92.53.119.137,TCP,60
323,2017-01-19 18:09:52,80,49288,92.53.119.137,10.1.19.102,TCP,1395
324,2017-01-19 18:09:52,80,49288,92.53.119.137,10.1.19.102,TCP,1395
325,2017-01-19 18:09:52,80,49288,92.53.119.137,10.1.19.102,TCP,1395
326,2017-01-19 18:09:52,80,49288,92.53.119.137,10.1.19.102,TCP,1395
327,2017-01-19 18:09:52,80,49288,92.53.119.137,10.1.19.102,TCP,1395
328,2017-01-19 18:09:52,49288,80,10.1.19.102,92.53.119.137,TCP,60
329,2017-01-19 18:09:52,80,49288,92.53.119.137,10.1.19.102,TCP,1395
330,2017-01-19 18:09:52,49288,80,10.1.19.102,92.53.119.137,TCP,60
331,2017-01-19 18:09:52,80,49288,92.53.119.137,10.1.19.102,TCP,1514
332,2017-01-19 18:09:52,80,49288,92.53.119.137,10.1.19.102,TCP,1514
333,2017-01-19 18:09:52,80,49288,92.53.119.137,10.1.19.102,TCP,1514
334,2017-01-19 18:09:52,80,49288,92.53.119.137,10.1.19.102,TCP,1514
335,2017-01-19 18:09:52,80,49288,92.53.119.137,10.1.19.102,TCP,1514
336,2017-01-19 18:09:52,80,49288,92.53.119.137,10.1.19.102,TCP,800
337,2017-01-19 18:09:52,49288,80,10.1.19.102,92.53.119.137,TCP,60
338,2017-01-19 18:09:52,80,49288,92.53.119.137,10.1.19.102,TCP,1514
339,2017-01-19 18:09:52,80,49288,92.53.119.137,10.1.19.102,TCP,1514
340,2017-01-19 18:09:52,80,49288,92.53.119.137,10.1.19.102,TCP,1157
341,2017-01-19 18:09:52,80,49288,92.53.119.137,10.1.19.102,TCP,1514
342,2017-01-19 18:09:52,80,49288,92.53.119.137,10.1.19.102,TCP,1276
343,2017-01-19 18:09:52,80,49288,92.53.119.137,10.1.19.102,TCP,1395
344,2017-01-19 18:09:52,80,49288,92.53.119.137,10.1.19.102,TCP,1514
345,2017-01-19 18:09:52,49288,80,10.1.19.102,92.53.119.137,TCP,60
346,2017-01-19 18:09:52,49288,80,10.1.19.102,92.53.119.137,TCP,60
347,2017-01-19 18:09:52,49288,80,10.1.19.102,92.53.119.137,TCP,60
348,2017-01-19 18:09:52,80,49288,92.53.119.137,10.1.19.102,TCP,1514
349,2017-01-19 18:09:52,80,49288,92.53.119.137,10.1.19.102,TCP,1276
350,2017-01-19 18:09:52,80,49288,92.53.119.137,10.1.19.102,TCP,1514
351,2017-01-19 18:09:52,80,49288,92.53.119.137,10.1.19.102,TCP,1514
352,2017-01-19 18:09:52,80,49288,92.53.119.137,10.1.19.102,TCP,1157
353,2017-01-19 18:09:52,80,49288,92.53.119.137,10.1.19.102,TCP,1514
354,2017-01-19 18:09:52,80,49288,92.53.119.137,10.1.19.102,TCP,1276
355,2017-01-19 18:09:52,80,49288,92.53.119.137,10.1.19.102,TCP,1395
356,2017-01-19 18:09:52,80,49288,92.53.119.137,10.1.19.102,TCP,1395
357,2017-01-19 18:09:52,80,49288,92.53.119.137,10.1.19.102,TCP,1514
358,2017-01-19 18:09:52,49288,80,10.1.19.102,92.53.119.137,TCP,60
359,2017-01-19 18:09:52,80,49288,92.53.119.137,10.1.19.102,TCP,1276
360,2017-01-19 18:09:52,49288,80,10.1.19.102,92.53.119.137,TCP,60
361,2017-01-19 18:09:52,80,49288,92.53.119.137,10.1.19.102,TCP,1514
362,2017-01-19 18:09:52,80,49288,92.53.119.137,10.1.19.102,TCP,1276
363,2017-01-19 18:09:52,80,49288,92.53.119.137,10.1.19.102,TCP,1514
364,2017-01-19 18:09:52,80,49288,92.53.119.137,10.1.19.102,TCP,1514
365,2017-01-19 18:09:52,80,49288,92.53.119.137,10.1.19.102,TCP,1157
366,2017-01-19 18:09:52,80,49288,92.53.119.137,10.1.19.102,TCP,1395
367,2017-01-19 18:09:52,49288,80,10.1.19.102,92.53.119.137,TCP,60
368,2017-01-19 18:09:52,80,49288,92.53.119.137,10.1.19.102,TCP,1395
369,2017-01-19 18:09:52,80,49288,92.53.119.137,10.1.19.102,TCP,1395
370,2017-01-19 18:09:52,49288,80,10.1.19.102,92.53.119.137,TCP,60
371,2017-01-19 18:09:52,80,49288,92.53.119.137,10.1.19.102,TCP,1514
372,2017-01-19 18:09:52,80,49288,92.53.119.137,10.1.19.102,TCP,1514
373,2017-01-19 18:09:52,80,49288,92.53.119.137,10.1.19.102,TCP,638
374,2017-01-19 18:09:52,49288,80,10.1.19.102,92.53.119.137,TCP,60
375,2017-01-19 18:09:52,80,49297,92.53.119.137,10.1.19.102,TCP,1395
376,2017-01-19 18:09:52,80,49297,92.53.119.137,10.1.19.102,TCP,1514
377,2017-01-19 18:09:52,80,49297,92.53.119.137,10.1.19.102,TCP,1276
378,2017-01-19 18:09:52,49297,80,10.1.19.102,92.53.119.137,TCP,60
379,2017-01-19 18:09:52,80,49297,92.53.119.137,10.1.19.102,TCP,1514
380,2017-01-19 18:09:52,80,49297,92.53.119.137,10.1.19.102,TCP,1514
381,2017-01-19 18:09:52,80,49297,92.53.119.137,10.1.19.102,TCP,1157
382,2017-01-19 18:09:52,80,49297,92.53.119.137,10.1.19.102,TCP,1514
383,2017-01-19 18:09:52,80,49297,92.53.119.137,10.1.19.102,TCP,1276
384,2017-01-19 18:09:52,80,49297,92.53.119.137,10.1.19.102,TCP,1395
385,2017-01-19 18:09:52,49297,80,10.1.19.102,92.53.119.137,TCP,60
386,2017-01-19 18:09:52,80,49297,92.53.119.137,10.1.19.102,TCP,284
387,2017-01-19 18:09:52,49297,80,10.1.19.102,92.53.119.137,TCP,60
388,2017-01-19 18:09:52,80,49297,92.53.119.137,10.1.19.102,TCP,284
389,2017-01-19 18:09:52,49297,80,10.1.19.102,92.53.119.137,TCP,60
390,2017-01-19 18:09:52,80,49297,92.53.119.137,10.1.19.102,TCP,1395
391,2017-01-19 18:09:52,80,49297,92.53.119.137,10.1.19.102,TCP,1395
392,2017-01-19 18:09:52,80,49297,92.53.119.137,10.1.19.102,TCP,1395
393,2017-01-19 18:09:52,49297,80,10.1.19.102,92.53.119.137,TCP,60
394,2017-01-19 18:09:52,80,49297,92.53.119.137,10.1.19.102,TCP,1514
395,2017-01-19 18:09:52,80,49297,92.53.119.137,10.1.19.102,TCP,1514
396,2017-01-19 18:09:52,80,49297,92.53.119.137,10.1.19.102,TCP,1157
397,2017-01-19 18:09:52,49297,80,10.1.19.102,92.53.119.137,TCP,60
398,2017-01-19 18:09:52,80,49297,92.53.119.137,10.1.19.102,TCP,1514
399,2017-01-19 18:09:52,80,49297,92.53.119.137,10.1.19.102,TCP,1276
400,2017-01-19 18:09:52,49297,80,10.1.19.102,92.53.119.137,TCP,60
401,2017-01-19 18:09:52,80,49297,92.53.119.137,10.1.19.102,TCP,1514
402,2017-01-19 18:09:52,80,49297,92.53.119.137,10.1.19.102,TCP,1276
403,2017-01-19 18:09:52,49297,80,10.1.19.102,92.53.119.137,TCP,60
404,2017-01-19 18:09:52,80,49297,92.53.119.137,10.1.19.102,TCP,1395
405,2017-01-19 18:09:52,80,49297,92.53.119.137,10.1.19.102,TCP,1395
406,2017-01-19 18:09:52,80,49297,92.53.119.137,10.1.19.102,TCP,1395
407,2017-01-19 18:09:52,80,49297,92.53.119.137,10.1.19.102,TCP,1514
408,2017-01-19 18:09:52,80,49297,92.53.119.137,10.1.19.102,TCP,1514
409,2017-01-19 18:09:52,80,49297,92.53.119.137,10.1.19.102,TCP,1157
410,2017-01-19 18:09:52,80,49297,92.53.119.137,10.1.19.102,TCP,1395
411,2017-01-19 18:09:52,49297,80,10.1.19.102,92.53.119.137,TCP,60
412,2017-01-19 18:09:52,80,49297,92.53.119.137,10.1.19.102,TCP,1514
413,2017-01-19 18:09:52,80,49297,92.53.119.137,10.1.19.102,TCP,1276
414,2017-01-19 18:09:52,80,49297,92.53.119.137,10.1.19.102,HTTP,766
415,2017-01-19 18:09:52,49297,80,10.1.19.102,92.53.119.137,TCP,60
416,2017-01-19 18:09:52,49297,80,10.1.19.102,92.53.119.137,TCP,60
417,2017-01-19 18:09:52,49288,80,10.1.19.102,92.53.119.137,TCP,60
418,2017-01-19 18:09:52,49287,80,10.1.19.102,92.53.119.137,TCP,60
419,2017-01-19 18:09:53,49309,80,10.1.19.102,92.53.119.137,TCP,66
420,2017-01-19 18:09:53,80,49309,92.53.119.137,10.1.19.102,TCP,60
421,2017-01-19 18:09:53,49309,80,10.1.19.102,92.53.119.137,TCP,60
422,2017-01-19 18:09:53,49309,80,10.1.19.102,92.53.119.137,HTTP,545
423,2017-01-19 18:09:53,80,49309,92.53.119.137,10.1.19.102,TCP,60
424,2017-01-19 18:09:54,80,49308,92.53.119.137,10.1.19.102,TCP,1514
425,2017-01-19 18:09:54,80,49308,92.53.119.137,10.1.19.102,TCP,1276
426,2017-01-19 18:09:54,49308,80,10.1.19.102,92.53.119.137,TCP,60
427,2017-01-19 18:09:54,80,49308,92.53.119.137,10.1.19.102,TCP,1514
428,2017-01-19 18:09:54,80,49308,92.53.119.137,10.1.19.102,TCP,1514
429,2017-01-19 18:09:54,80,49308,92.53.119.137,10.1.19.102,TCP,1157
430,2017-01-19 18:09:54,80,49308,92.53.119.137,10.1.19.102,TCP,1514
431,2017-01-19 18:09:54,80,49308,92.53.119.137,10.1.19.102,TCP,1276
432,2017-01-19 18:09:54,80,49308,92.53.119.137,10.1.19.102,TCP,1514
433,2017-01-19 18:09:54,80,49308,92.53.119.137,10.1.19.102,TCP,1276
434,2017-01-19 18:09:54,49308,80,10.1.19.102,92.53.119.137,TCP,60
435,2017-01-19 18:09:54,80,49308,92.53.119.137,10.1.19.102,TCP,1514
436,2017-01-19 18:09:54,80,49308,92.53.119.137,10.1.19.102,TCP,1276
437,2017-01-19 18:09:54,49308,80,10.1.19.102,92.53.119.137,TCP,60
438,2017-01-19 18:09:54,80,49308,92.53.119.137,10.1.19.102,TCP,1395
439,2017-01-19 18:09:54,80,49308,92.53.119.137,10.1.19.102,TCP,1395
440,2017-01-19 18:09:54,80,49308,92.53.119.137,10.1.19.102,TCP,1395
441,2017-01-19 18:09:54,80,49308,92.53.119.137,10.1.19.102,TCP,1514
442,2017-01-19 18:09:54,80,49308,92.53.119.137,10.1.19.102,TCP,1276
443,2017-01-19 18:09:54,80,49308,92.53.119.137,10.1.19.102,TCP,1514
444,2017-01-19 18:09:54,80,49308,92.53.119.137,10.1.19.102,TCP,1276
445,2017-01-19 18:09:54,80,49308,92.53.119.137,10.1.19.102,TCP,1395
446,2017-01-19 18:09:54,49308,80,10.1.19.102,92.53.119.137,TCP,60
447,2017-01-19 18:09:54,80,49308,92.53.119.137,10.1.19.102,TCP,1395
448,2017-01-19 18:09:54,80,49308,92.53.119.137,10.1.19.102,TCP,1514
449,2017-01-19 18:09:54,80,49308,92.53.119.137,10.1.19.102,TCP,1276
450,2017-01-19 18:09:54,49308,80,10.1.19.102,92.53.119.137,TCP,60
451,2017-01-19 18:09:54,80,49308,92.53.119.137,10.1.19.102,TCP,1395
452,2017-01-19 18:09:54,49308,80,10.1.19.102,92.53.119.137,TCP,60
453,2017-01-19 18:09:54,80,49308,92.53.119.137,10.1.19.102,TCP,1514
454,2017-01-19 18:09:54,80,49308,92.53.119.137,10.1.19.102,TCP,1276
455,2017-01-19 18:09:54,80,49308,92.53.119.137,10.1.19.102,TCP,1395
456,2017-01-19 18:09:54,80,49308,92.53.119.137,10.1.19.102,TCP,1395
457,2017-01-19 18:09:54,49308,80,10.1.19.102,92.53.119.137,TCP,60
458,2017-01-19 18:09:54,80,49308,92.53.119.137,10.1.19.102,TCP,1395
459,2017-01-19 18:09:54,80,49308,92.53.119.137,10.1.19.102,TCP,1395
460,2017-01-19 18:09:54,49308,80,10.1.19.102,92.53.119.137,TCP,60
461,2017-01-19 18:09:54,80,49308,92.53.119.137,10.1.19.102,TCP,1514
462,2017-01-19 18:09:54,80,49308,92.53.119.137,10.1.19.102,TCP,1276
463,2017-01-19 18:09:54,49308,80,10.1.19.102,92.53.119.137,TCP,60
464,2017-01-19 18:09:54,80,49308,92.53.119.137,10.1.19.102,TCP,1395
465,2017-01-19 18:09:54,80,49308,92.53.119.137,10.1.19.102,TCP,1395
466,2017-01-19 18:09:54,80,49308,92.53.119.137,10.1.19.102,TCP,1514
467,2017-01-19 18:09:54,80,49308,92.53.119.137,10.1.19.102,TCP,1276
468,2017-01-19 18:09:54,80,49308,92.53.119.137,10.1.19.102,TCP,1514
469,2017-01-19 18:09:54,49308,80,10.1.19.102,92.53.119.137,TCP,60
470,2017-01-19 18:09:54,80,49308,92.53.119.137,10.1.19.102,TCP,1276
471,2017-01-19 18:09:54,80,49308,92.53.119.137,10.1.19.102,TCP,1395
472,2017-01-19 18:09:54,80,49308,92.53.119.137,10.1.19.102,TCP,1514
473,2017-01-19 18:09:54,80,49308,92.53.119.137,10.1.19.102,TCP,1514
474,2017-01-19 18:09:54,80,49308,92.53.119.137,10.1.19.102,TCP,1157
475,2017-01-19 18:09:54,49308,80,10.1.19.102,92.53.119.137,TCP,60
476,2017-01-19 18:09:54,49308,80,10.1.19.102,92.53.119.137,TCP,60
477,2017-01-19 18:09:54,80,49308,92.53.119.137,10.1.19.102,TCP,1395
478,2017-01-19 18:09:54,80,49308,92.53.119.137,10.1.19.102,TCP,1395
479,2017-01-19 18:09:54,49308,80,10.1.19.102,92.53.119.137,TCP,60
480,2017-01-19 18:09:54,80,49308,92.53.119.137,10.1.19.102,TCP,1514
481,2017-01-19 18:09:54,80,49308,92.53.119.137,10.1.19.102,TCP,1514
482,2017-01-19 18:09:54,80,49308,92.53.119.137,10.1.19.102,TCP,1157
483,2017-01-19 18:09:54,80,49308,92.53.119.137,10.1.19.102,TCP,1395
484,2017-01-19 18:09:54,80,49308,92.53.119.137,10.1.19.102,TCP,1395
485,2017-01-19 18:09:54,49308,80,10.1.19.102,92.53.119.137,TCP,60
486,2017-01-19 18:09:54,80,49308,92.53.119.137,10.1.19.102,TCP,1395
487,2017-01-19 18:09:54,80,49308,92.53.119.137,10.1.19.102,TCP,1395
488,2017-01-19 18:09:54,80,49308,92.53.119.137,10.1.19.102,TCP,1395
489,2017-01-19 18:09:54,80,49308,92.53.119.137,10.1.19.102,TCP,1395
490,2017-01-19 18:09:54,49308,80,10.1.19.102,92.53.119.137,TCP,60
491,2017-01-19 18:09:54,80,49308,92.53.119.137,10.1.19.102,TCP,1395
492,2017-01-19 18:09:54,80,49308,92.53.119.137,10.1.19.102,TCP,1395
493,2017-01-19 18:09:54,49308,80,10.1.19.102,92.53.119.137,TCP,60
494,2017-01-19 18:09:54,80,49308,92.53.119.137,10.1.19.102,TCP,1395
495,2017-01-19 18:09:54,80,49308,92.53.119.137,10.1.19.102,TCP,1514
496,2017-01-19 18:09:54,80,49308,92.53.119.137,10.1.19.102,TCP,1276
497,2017-01-19 18:09:54,49308,80,10.1.19.102,92.53.119.137,TCP,60
498,2017-01-19 18:09:54,80,49308,92.53.119.137,10.1.19.102,TCP,1395
499,2017-01-19 18:09:54,49308,80,10.1.19.102,92.53.119.137,TCP,60
500,2017-01-19 18:09:54,80,49308,92.53.119.137,10.1.19.102,TCP,1514
501,2017-01-19 18:09:54,80,49308,92.53.119.137,10.1.19.102,TCP,1276
502,2017-01-19 18:09:54,49308,80,10.1.19.102,92.53.119.137,TCP,60
503,2017-01-19 18:09:54,80,49308,92.53.119.137,10.1.19.102,TCP,1514
504,2017-01-19 18:09:54,80,49308,92.53.119.137,10.1.19.102,TCP,1276
505,2017-01-19 18:09:54,49308,80,10.1.19.102,92.53.119.137,TCP,60
506,2017-01-19 18:09:54,80,49308,92.53.119.137,10.1.19.102,TCP,1514
507,2017-01-19 18:09:54,80,49308,92.53.119.137,10.1.19.102,TCP,1276
508,2017-01-19 18:09:54,49308,80,10.1.19.102,92.53.119.137,TCP,60
509,2017-01-19 18:09:54,80,49308,92.53.119.137,10.1.19.102,TCP,1395
510,2017-01-19 18:09:54,80,49308,92.53.119.137,10.1.19.102,TCP,1395
511,2017-01-19 18:09:54,80,49308,92.53.119.137,10.1.19.102,TCP,1395
512,2017-01-19 18:09:54,49308,80,10.1.19.102,92.53.119.137,TCP,60
513,2017-01-19 18:09:54,80,49308,92.53.119.137,10.1.19.102,TCP,1514
514,2017-01-19 18:09:54,80,49308,92.53.119.137,10.1.19.102,TCP,1276
515,2017-01-19 18:09:54,80,49308,92.53.119.137,10.1.19.102,TCP,1514
516,2017-01-19 18:09:54,80,49308,92.53.119.137,10.1.19.102,TCP,1276
517,2017-01-19 18:09:54,49308,80,10.1.19.102,92.53.119.137,TCP,60
518,2017-01-19 18:09:54,80,49308,92.53.119.137,10.1.19.102,TCP,1395
519,2017-01-19 18:09:54,49308,80,10.1.19.102,92.53.119.137,TCP,60
520,2017-01-19 18:09:54,80,49308,92.53.119.137,10.1.19.102,TCP,1514
521,2017-01-19 18:09:54,80,49308,92.53.119.137,10.1.19.102,TCP,1276
522,2017-01-19 18:09:54,80,49308,92.53.119.137,10.1.19.102,TCP,1395
523,2017-01-19 18:09:54,49308,80,10.1.19.102,92.53.119.137,TCP,60
524,2017-01-19 18:09:54,80,49308,92.53.119.137,10.1.19.102,TCP,1395
525,2017-01-19 18:09:54,80,49308,92.53.119.137,10.1.19.102,TCP,1514
526,2017-01-19 18:09:54,80,49308,92.53.119.137,10.1.19.102,TCP,1276
527,2017-01-19 18:09:54,49308,80,10.1.19.102,92.53.119.137,TCP,60
528,2017-01-19 18:09:54,80,49308,92.53.119.137,10.1.19.102,TCP,1514
529,2017-01-19 18:09:54,80,49308,92.53.119.137,10.1.19.102,TCP,1276
530,2017-01-19 18:09:54,80,49308,92.53.119.137,10.1.19.102,TCP,1395
531,2017-01-19 18:09:54,80,49308,92.53.119.137,10.1.19.102,TCP,1514
532,2017-01-19 18:09:54,80,49308,92.53.119.137,10.1.19.102,TCP,1276
533,2017-01-19 18:09:54,49308,80,10.1.19.102,92.53.119.137,TCP,60
534,2017-01-19 18:09:54,49308,80,10.1.19.102,92.53.119.137,TCP,60
535,2017-01-19 18:09:54,80,49308,92.53.119.137,10.1.19.102,TCP,1395
536,2017-01-19 18:09:54,80,49308,92.53.119.137,10.1.19.102,TCP,1395
537,2017-01-19 18:09:54,49308,80,10.1.19.102,92.53.119.137,TCP,60
538,2017-01-19 18:09:54,80,49308,92.53.119.137,10.1.19.102,TCP,1395
539,2017-01-19 18:09:54,80,49308,92.53.119.137,10.1.19.102,TCP,1395
540,2017-01-19 18:09:54,49308,80,10.1.19.102,92.53.119.137,TCP,60
541,2017-01-19 18:09:54,80,49308,92.53.119.137,10.1.19.102,TCP,1395
542,2017-01-19 18:09:54,80,49308,92.53.119.137,10.1.19.102,TCP,1395
543,2017-01-19 18:09:54,49308,80,10.1.19.102,92.53.119.137,TCP,60
544,2017-01-19 18:09:54,80,49308,92.53.119.137,10.1.19.102,TCP,1514
545,2017-01-19 18:09:54,80,49308,92.53.119.137,10.1.19.102,TCP,1276
546,2017-01-19 18:09:54,80,49308,92.53.119.137,10.1.19.102,TCP,1395
547,2017-01-19 18:09:54,49308,80,10.1.19.102,92.53.119.137,TCP,60
548,2017-01-19 18:09:54,80,49308,92.53.119.137,10.1.19.102,TCP,1395
549,2017-01-19 18:09:54,80,49308,92.53.119.137,10.1.19.102,TCP,1395
550,2017-01-19 18:09:54,49308,80,10.1.19.102,92.53.119.137,TCP,60
551,2017-01-19 18:09:54,49308,80,10.1.19.102,92.53.119.137,TCP,60
552,2017-01-19 18:09:54,80,49308,92.53.119.137,10.1.19.102,TCP,1514
553,2017-01-19 18:09:54,80,49308,92.53.119.137,10.1.19.102,TCP,1276
554,2017-01-19 18:09:54,80,49308,92.53.119.137,10.1.19.102,TCP,1395
555,2017-01-19 18:09:54,49308,80,10.1.19.102,92.53.119.137,TCP,60
556,2017-01-19 18:09:54,80,49308,92.53.119.137,10.1.19.102,TCP,1395
557,2017-01-19 18:09:54,49308,80,10.1.19.102,92.53.119.137,TCP,60
558,2017-01-19 18:09:54,80,49308,92.53.119.137,10.1.19.102,TCP,1395
559,2017-01-19 18:09:54,80,49308,92.53.119.137,10.1.19.102,TCP,1514
560,2017-01-19 18:09:54,80,49308,92.53.119.137,10.1.19.102,TCP,1514
561,2017-01-19 18:09:54,80,49308,92.53.119.137,10.1.19.102,TCP,1157
562,2017-01-19 18:09:54,80,49308,92.53.119.137,10.1.19.102,TCP,1395
563,2017-01-19 18:09:54,49308,80,10.1.19.102,92.53.119.137,TCP,60
564,2017-01-19 18:09:54,80,49308,92.53.119.137,10.1.19.102,TCP,1395
565,2017-01-19 18:09:54,80,49308,92.53.119.137,10.1.19.102,TCP,1395
566,2017-01-19 18:09:54,49308,80,10.1.19.102,92.53.119.137,TCP,60
567,2017-01-19 18:09:54,80,49308,92.53.119.137,10.1.19.102,TCP,1514
568,2017-01-19 18:09:54,80,49308,92.53.119.137,10.1.19.102,TCP,1276
569,2017-01-19 18:09:54,80,49308,92.53.119.137,10.1.19.102,TCP,1395
570,2017-01-19 18:09:54,80,49308,92.53.119.137,10.1.19.102,TCP,1514
571,2017-01-19 18:09:54,80,49308,92.53.119.137,10.1.19.102,TCP,1276
572,2017-01-19 18:09:54,80,49308,92.53.119.137,10.1.19.102,TCP,1395
573,2017-01-19 18:09:54,80,49308,92.53.119.137,10.1.19.102,TCP,1514
574,2017-01-19 18:09:54,80,49308,92.53.119.137,10.1.19.102,TCP,1276
575,2017-01-19 18:09:54,49308,80,10.1.19.102,92.53.119.137,TCP,60
576,2017-01-19 18:09:54,80,49308,92.53.119.137,10.1.19.102,TCP,1395
577,2017-01-19 18:09:54,80,49308,92.53.119.137,10.1.19.102,TCP,1395
578,2017-01-19 18:09:54,80,49308,92.53.119.137,10.1.19.102,TCP,1395
579,2017-01-19 18:09:54,80,49308,92.53.119.137,10.1.19.102,TCP,1395
580,2017-01-19 18:09:54,49308,80,10.1.19.102,92.53.119.137,TCP,60
581,2017-01-19 18:09:54,80,49308,92.53.119.137,10.1.19.102,TCP,1514
582,2017-01-19 18:09:54,80,49308,92.53.119.137,10.1.19.102,TCP,1276
583,2017-01-19 18:09:54,49308,80,10.1.19.102,92.53.119.137,TCP,60
584,2017-01-19 18:09:54,80,49308,92.53.119.137,10.1.19.102,TCP,1395
585,2017-01-19 18:09:54,80,49308,92.53.119.137,10.1.19.102,TCP,1395
586,2017-01-19 18:09:54,80,49308,92.53.119.137,10.1.19.102,TCP,1514
587,2017-01-19 18:09:54,80,49308,92.53.119.137,10.1.19.102,TCP,1514
588,2017-01-19 18:09:54,80,49308,92.53.119.137,10.1.19.102,TCP,1514
589,2017-01-19 18:09:54,80,49308,92.53.119.137,10.1.19.102,TCP,1038
590,2017-01-19 18:09:54,49308,80,10.1.19.102,92.53.119.137,TCP,60
591,2017-01-19 18:09:54,80,49308,92.53.119.137,10.1.19.102,TCP,1395
592,2017-01-19 18:09:54,80,49308,92.53.119.137,10.1.19.102,TCP,1395
593,2017-01-19 18:09:54,80,49308,92.53.119.137,10.1.19.102,TCP,1395
594,2017-01-19 18:09:54,80,49308,92.53.119.137,10.1.19.102,TCP,1395
595,2017-01-19 18:09:54,80,49308,92.53.119.137,10.1.19.102,TCP,1395
596,2017-01-19 18:09:54,49308,80,10.1.19.102,92.53.119.137,TCP,60
597,2017-01-19 18:09:54,49308,80,10.1.19.102,92.53.119.137,TCP,60
598,2017-01-19 18:09:54,80,49308,92.53.119.137,10.1.19.102,TCP,1395
599,2017-01-19 18:09:54,80,49308,92.53.119.137,10.1.19.102,TCP,1395
600,2017-01-19 18:09:54,80,49308,92.53.119.137,10.1.19.102,TCP,1395
601,2017-01-19 18:09:54,49308,80,10.1.19.102,92.53.119.137,TCP,60
602,2017-01-19 18:09:54,80,49308,92.53.119.137,10.1.19.102,TCP,1395
603,2017-01-19 18:09:54,49308,80,10.1.19.102,92.53.119.137,TCP,60
604,2017-01-19 18:09:54,80,49308,92.53.119.137,10.1.19.102,TCP,1514
605,2017-01-19 18:09:54,80,49308,92.53.119.137,10.1.19.102,TCP,1276
606,2017-01-19 18:09:54,49308,80,10.1.19.102,92.53.119.137,TCP,60
607,2017-01-19 18:09:54,80,49308,92.53.119.137,10.1.19.102,TCP,1514
608,2017-01-19 18:09:54,80,49308,92.53.119.137,10.1.19.102,TCP,1276
609,2017-01-19 18:09:54,80,49308,92.53.119.137,10.1.19.102,TCP,1514
610,2017-01-19 18:09:54,80,49308,92.53.119.137,10.1.19.102,TCP,1276
611,2017-01-19 18:09:54,49308,80,10.1.19.102,92.53.119.137,TCP,60
612,2017-01-19 18:09:54,80,49308,92.53.119.137,10.1.19.102,TCP,1395
613,2017-01-19 18:09:54,49308,80,10.1.19.102,92.53.119.137,TCP,60
614,2017-01-19 18:09:54,80,49308,92.53.119.137,10.1.19.102,TCP,1514
615,2017-01-19 18:09:54,80,49308,92.53.119.137,10.1.19.102,TCP,1514
616,2017-01-19 18:09:54,80,49308,92.53.119.137,10.1.19.102,TCP,1157
617,2017-01-19 18:09:54,80,49308,92.53.119.137,10.1.19.102,TCP,1514
618,2017-01-19 18:09:54,80,49308,92.53.119.137,10.1.19.102,TCP,1276
619,2017-01-19 18:09:54,80,49308,92.53.119.137,10.1.19.102,TCP,1395
620,2017-01-19 18:09:54,49308,80,10.1.19.102,92.53.119.137,TCP,60
621,2017-01-19 18:09:54,80,49308,92.53.119.137,10.1.19.102,TCP,1514
622,2017-01-19 18:09:54,80,49308,92.53.119.137,10.1.19.102,TCP,1276
623,2017-01-19 18:09:54,80,49308,92.53.119.137,10.1.19.102,TCP,1395
624,2017-01-19 18:09:54,80,49308,92.53.119.137,10.1.19.102,TCP,1395
625,2017-01-19 18:09:54,80,49308,92.53.119.137,10.1.19.102,TCP,1395
626,2017-01-19 18:09:54,49308,80,10.1.19.102,92.53.119.137,TCP,60
627,2017-01-19 18:09:54,80,49308,92.53.119.137,10.1.19.102,TCP,1514
628,2017-01-19 18:09:54,80,49308,92.53.119.137,10.1.19.102,TCP,1276
629,2017-01-19 18:09:54,49308,80,10.1.19.102,92.53.119.137,TCP,60
630,2017-01-19 18:09:54,80,49308,92.53.119.137,10.1.19.102,TCP,1514
631,2017-01-19 18:09:54,80,49308,92.53.119.137,10.1.19.102,TCP,1276
632,2017-01-19 18:09:54,80,49308,92.53.119.137,10.1.19.102,TCP,1395
633,2017-01-19 18:09:54,49308,80,10.1.19.102,92.53.119.137,TCP,60
634,2017-01-19 18:09:54,80,49308,92.53.119.137,10.1.19.102,TCP,1395
635,2017-01-19 18:09:54,49308,80,10.1.19.102,92.53.119.137,TCP,60
636,2017-01-19 18:09:54,80,49308,92.53.119.137,10.1.19.102,TCP,1395
637,2017-01-19 18:09:54,49308,80,10.1.19.102,92.53.119.137,TCP,60
638,2017-01-19 18:09:54,80,49308,92.53.119.137,10.1.19.102,TCP,1514
639,2017-01-19 18:09:54,80,49308,92.53.119.137,10.1.19.102,TCP,1276
640,2017-01-19 18:09:54,80,49308,92.53.119.137,10.1.19.102,TCP,1395
641,2017-01-19 18:09:54,49308,80,10.1.19.102,92.53.119.137,TCP,60
642,2017-01-19 18:09:54,80,49308,92.53.119.137,10.1.19.102,TCP,1395
643,2017-01-19 18:09:54,49308,80,10.1.19.102,92.53.119.137,TCP,60
644,2017-01-19 18:09:54,80,49308,92.53.119.137,10.1.19.102,TCP,1514
645,2017-01-19 18:09:54,80,49308,92.53.119.137,10.1.19.102,TCP,1276
646,2017-01-19 18:09:54,80,49308,92.53.119.137,10.1.19.102,TCP,1514
647,2017-01-19 18:09:54,80,49308,92.53.119.137,10.1.19.102,TCP,1276
648,2017-01-19 18:09:54,80,49308,92.53.119.137,10.1.19.102,TCP,1395
649,2017-01-19 18:09:54,49308,80,10.1.19.102,92.53.119.137,TCP,60
650,2017-01-19 18:09:54,80,49308,92.53.119.137,10.1.19.102,TCP,1514
651,2017-01-19 18:09:54,80,49308,92.53.119.137,10.1.19.102,TCP,1276
652,2017-01-19 18:09:54,49308,80,10.1.19.102,92.53.119.137,TCP,60
653,2017-01-19 18:09:54,49308,80,10.1.19.102,92.53.119.137,TCP,60
654,2017-01-19 18:09:54,80,49308,92.53.119.137,10.1.19.102,TCP,1514
655,2017-01-19 18:09:54,80,49308,92.53.119.137,10.1.19.102,TCP,1276
656,2017-01-19 18:09:54,80,49308,92.53.119.137,10.1.19.102,TCP,1395
657,2017-01-19 18:09:54,80,49308,92.53.119.137,10.1.19.102,TCP,1514
658,2017-01-19 18:09:54,80,49308,92.53.119.137,10.1.19.102,TCP,1276
659,2017-01-19 18:09:54,49308,80,10.1.19.102,92.53.119.137,TCP,60
660,2017-01-19 18:09:54,80,49308,92.53.119.137,10.1.19.102,TCP,1395
661,2017-01-19 18:09:54,80,49308,92.53.119.137,10.1.19.102,TCP,1514
662,2017-01-19 18:09:54,80,49308,92.53.119.137,10.1.19.102,TCP,1276
663,2017-01-19 18:09:54,49308,80,10.1.19.102,92.53.119.137,TCP,60
664,2017-01-19 18:09:54,80,49308,92.53.119.137,10.1.19.102,TCP,1514
665,2017-01-19 18:09:54,80,49308,92.53.119.137,10.1.19.102,TCP,1514
666,2017-01-19 18:09:54,80,49308,92.53.119.137,10.1.19.102,TCP,1514
667,2017-01-19 18:09:54,80,49308,92.53.119.137,10.1.19.102,TCP,1514
668,2017-01-19 18:09:54,80,49308,92.53.119.137,10.1.19.102,TCP,919
669,2017-01-19 18:09:54,49308,80,10.1.19.102,92.53.119.137,TCP,60
670,2017-01-19 18:09:54,80,49308,92.53.119.137,10.1.19.102,TCP,1514
671,2017-01-19 18:09:54,49308,80,10.1.19.102,92.53.119.137,TCP,60
672,2017-01-19 18:09:54,49308,80,10.1.19.102,92.53.119.137,TCP,60
673,2017-01-19 18:09:54,80,49308,92.53.119.137,10.1.19.102,TCP,1514
674,2017-01-19 18:09:54,80,49308,92.53.119.137,10.1.19.102,TCP,1276
675,2017-01-19 18:09:54,80,49308,92.53.119.137,10.1.19.102,TCP,1514
676,2017-01-19 18:09:54,80,49308,92.53.119.137,10.1.19.102,TCP,1276
677,2017-01-19 18:09:54,80,49308,92.53.119.137,10.1.19.102,TCP,1395
678,2017-01-19 18:09:54,49308,80,10.1.19.102,92.53.119.137,TCP,60
679,2017-01-19 18:09:54,80,49308,92.53.119.137,10.1.19.102,TCP,1514
680,2017-01-19 18:09:54,80,49308,92.53.119.137,10.1.19.102,TCP,1276
681,2017-01-19 18:09:54,80,49308,92.53.119.137,10.1.19.102,TCP,1395
682,2017-01-19 18:09:54,80,49308,92.53.119.137,10.1.19.102,TCP,1395
683,2017-01-19 18:09:54,49308,80,10.1.19.102,92.53.119.137,TCP,60
684,2017-01-19 18:09:54,80,49308,92.53.119.137,10.1.19.102,TCP,1514
685,2017-01-19 18:09:54,80,49308,92.53.119.137,10.1.19.102,TCP,757
686,2017-01-19 18:09:54,49308,80,10.1.19.102,92.53.119.137,TCP,60
687,2017-01-19 18:09:54,49308,80,10.1.19.102,92.53.119.137,TCP,60
688,2017-01-19 18:09:55,80,49309,92.53.119.137,10.1.19.102,TCP,1395
689,2017-01-19 18:09:55,80,49309,92.53.119.137,10.1.19.102,TCP,1395
690,2017-01-19 18:09:55,80,49309,92.53.119.137,10.1.19.102,TCP,1395
691,2017-01-19 18:09:55,80,49309,92.53.119.137,10.1.19.102,TCP,1395
692,2017-01-19 18:09:55,49309,80,10.1.19.102,92.53.119.137,TCP,60
693,2017-01-19 18:09:55,80,49309,92.53.119.137,10.1.19.102,TCP,1514
694,2017-01-19 18:09:55,80,49309,92.53.119.137,10.1.19.102,TCP,1276
695,2017-01-19 18:09:55,80,49309,92.53.119.137,10.1.19.102,TCP,1514
696,2017-01-19 18:09:55,80,49309,92.53.119.137,10.1.19.102,TCP,1276
697,2017-01-19 18:09:55,80,49309,92.53.119.137,10.1.19.102,TCP,1395
698,2017-01-19 18:09:55,80,49309,92.53.119.137,10.1.19.102,TCP,284
699,2017-01-19 18:09:55,49309,80,10.1.19.102,92.53.119.137,TCP,60
700,2017-01-19 18:09:55,49309,80,10.1.19.102,92.53.119.137,TCP,60
701,2017-01-19 18:09:55,80,49309,92.53.119.137,10.1.19.102,TCP,1514
702,2017-01-19 18:09:55,80,49309,92.53.119.137,10.1.19.102,TCP,1276
703,2017-01-19 18:09:55,80,49309,92.53.119.137,10.1.19.102,TCP,1395
704,2017-01-19 18:09:55,49309,80,10.1.19.102,92.53.119.137,TCP,60
705,2017-01-19 18:09:55,80,49309,92.53.119.137,10.1.19.102,TCP,1395
706,2017-01-19 18:09:55,80,49309,92.53.119.137,10.1.19.102,TCP,1395
707,2017-01-19 18:09:55,49309,80,10.1.19.102,92.53.119.137,TCP,60
708,2017-01-19 18:09:55,80,49309,92.53.119.137,10.1.19.102,TCP,1395
709,2017-01-19 18:09:55,80,49309,92.53.119.137,10.1.19.102,TCP,1395
710,2017-01-19 18:09:55,80,49309,92.53.119.137,10.1.19.102,TCP,1514
711,2017-01-19 18:09:55,80,49309,92.53.119.137,10.1.19.102,TCP,1276
712,2017-01-19 18:09:55,49309,80,10.1.19.102,92.53.119.137,TCP,60
713,2017-01-19 18:09:55,80,49309,92.53.119.137,10.1.19.102,TCP,1395
714,2017-01-19 18:09:55,80,49309,92.53.119.137,10.1.19.102,TCP,1395
715,2017-01-19 18:09:55,80,49309,92.53.119.137,10.1.19.102,TCP,1395
716,2017-01-19 18:09:55,49309,80,10.1.19.102,92.53.119.137,TCP,60
717,2017-01-19 18:09:55,80,49309,92.53.119.137,10.1.19.102,TCP,1514
718,2017-01-19 18:09:55,80,49309,92.53.119.137,10.1.19.102,TCP,1276
719,2017-01-19 18:09:55,49309,80,10.1.19.102,92.53.119.137,TCP,60
720,2017-01-19 18:09:55,80,49309,92.53.119.137,10.1.19.102,TCP,1395
721,2017-01-19 18:09:55,80,49309,92.53.119.137,10.1.19.102,TCP,1395
722,2017-01-19 18:09:55,80,49309,92.53.119.137,10.1.19.102,TCP,1514
723,2017-01-19 18:09:55,80,49309,92.53.119.137,10.1.19.102,TCP,1276
724,2017-01-19 18:09:55,80,49309,92.53.119.137,10.1.19.102,TCP,1395
725,2017-01-19 18:09:55,49309,80,10.1.19.102,92.53.119.137,TCP,60
726,2017-01-19 18:09:55,49309,80,10.1.19.102,92.53.119.137,TCP,60
727,2017-01-19 18:09:55,80,49309,92.53.119.137,10.1.19.102,TCP,1395
728,2017-01-19 18:09:55,80,49309,92.53.119.137,10.1.19.102,TCP,1395
729,2017-01-19 18:09:55,49309,80,10.1.19.102,92.53.119.137,TCP,60
730,2017-01-19 18:09:55,80,49309,92.53.119.137,10.1.19.102,TCP,1395
731,2017-01-19 18:09:55,80,49309,92.53.119.137,10.1.19.102,TCP,1514
732,2017-01-19 18:09:55,80,49309,92.53.119.137,10.1.19.102,TCP,1276
733,2017-01-19 18:09:55,49309,80,10.1.19.102,92.53.119.137,TCP,60
734,2017-01-19 18:09:55,80,49309,92.53.119.137,10.1.19.102,TCP,1514
735,2017-01-19 18:09:55,80,49309,92.53.119.137,10.1.19.102,TCP,1276
736,2017-01-19 18:09:55,80,49309,92.53.119.137,10.1.19.102,TCP,1395
737,2017-01-19 18:09:55,80,49309,92.53.119.137,10.1.19.102,TCP,1514
738,2017-01-19 18:09:55,80,49309,92.53.119.137,10.1.19.102,TCP,1276
739,2017-01-19 18:09:55,49309,80,10.1.19.102,92.53.119.137,TCP,60
740,2017-01-19 18:09:55,80,49309,92.53.119.137,10.1.19.102,TCP,1514
741,2017-01-19 18:09:55,80,49309,92.53.119.137,10.1.19.102,TCP,1514
742,2017-01-19 18:09:55,80,49309,92.53.119.137,10.1.19.102,TCP,1157
743,2017-01-19 18:09:55,80,49309,92.53.119.137,10.1.19.102,TCP,1395
744,2017-01-19 18:09:55,80,49309,92.53.119.137,10.1.19.102,TCP,1395
745,2017-01-19 18:09:55,80,49309,92.53.119.137,10.1.19.102,TCP,1395
746,2017-01-19 18:09:55,49309,80,10.1.19.102,92.53.119.137,TCP,60
747,2017-01-19 18:09:55,80,49309,92.53.119.137,10.1.19.102,TCP,1514
748,2017-01-19 18:09:55,80,49309,92.53.119.137,10.1.19.102,TCP,1514
749,2017-01-19 18:09:55,80,49309,92.53.119.137,10.1.19.102,TCP,1157
750,2017-01-19 18:09:55,80,49309,92.53.119.137,10.1.19.102,TCP,1514
751,2017-01-19 18:09:55,80,49309,92.53.119.137,10.1.19.102,TCP,1276
752,2017-01-19 18:09:55,80,49309,92.53.119.137,10.1.19.102,TCP,1395
753,2017-01-19 18:09:55,80,49309,92.53.119.137,10.1.19.102,TCP,1395
754,2017-01-19 18:09:55,80,49309,92.53.119.137,10.1.19.102,TCP,1395
755,2017-01-19 18:09:55,49309,80,10.1.19.102,92.53.119.137,TCP,60
756,2017-01-19 18:09:55,80,49309,92.53.119.137,10.1.19.102,TCP,1514
757,2017-01-19 18:09:55,80,49309,92.53.119.137,10.1.19.102,TCP,1276
758,2017-01-19 18:09:55,49309,80,10.1.19.102,92.53.119.137,TCP,60
759,2017-01-19 18:09:55,80,49309,92.53.119.137,10.1.19.102,TCP,1395
760,2017-01-19 18:09:55,49309,80,10.1.19.102,92.53.119.137,TCP,60
761,2017-01-19 18:09:55,80,49309,92.53.119.137,10.1.19.102,TCP,1514
762,2017-01-19 18:09:55,80,49309,92.53.119.137,10.1.19.102,TCP,1514
763,2017-01-19 18:09:55,80,49309,92.53.119.137,10.1.19.102,TCP,1157
764,2017-01-19 18:09:55,80,49309,92.53.119.137,10.1.19.102,TCP,1395
765,2017-01-19 18:09:55,80,49309,92.53.119.137,10.1.19.102,TCP,1395
766,2017-01-19 18:09:55,80,49309,92.53.119.137,10.1.19.102,TCP,1514
767,2017-01-19 18:09:55,80,49309,92.53.119.137,10.1.19.102,TCP,1276
768,2017-01-19 18:09:55,49309,80,10.1.19.102,92.53.119.137,TCP,60
769,2017-01-19 18:09:55,80,49309,92.53.119.137,10.1.19.102,TCP,1395
770,2017-01-19 18:09:55,80,49309,92.53.119.137,10.1.19.102,TCP,1395
771,2017-01-19 18:09:55,49309,80,10.1.19.102,92.53.119.137,TCP,60
772,2017-01-19 18:09:55,80,49309,92.53.119.137,10.1.19.102,TCP,1395
773,2017-01-19 18:09:55,80,49309,92.53.119.137,10.1.19.102,TCP,1395
774,2017-01-19 18:09:55,80,49309,92.53.119.137,10.1.19.102,TCP,1395
775,2017-01-19 18:09:55,80,49309,92.53.119.137,10.1.19.102,TCP,1395
776,2017-01-19 18:09:55,49309,80,10.1.19.102,92.53.119.137,TCP,60
777,2017-01-19 18:09:55,80,49309,92.53.119.137,10.1.19.102,TCP,1395
778,2017-01-19 18:09:55,49309,80,10.1.19.102,92.53.119.137,TCP,60
779,2017-01-19 18:09:55,49309,80,10.1.19.102,92.53.119.137,TCP,60
780,2017-01-19 18:09:55,49308,80,10.1.19.102,92.53.119.137,TCP,60
781,2017-01-19 18:09:55,80,49309,92.53.119.137,10.1.19.102,TCP,1395
782,2017-01-19 18:09:55,80,49309,92.53.119.137,10.1.19.102,TCP,1514
783,2017-01-19 18:09:55,80,49309,92.53.119.137,10.1.19.102,TCP,1276
784,2017-01-19 18:09:55,49309,80,10.1.19.102,92.53.119.137,TCP,60
785,2017-01-19 18:09:55,80,49309,92.53.119.137,10.1.19.102,TCP,1514
786,2017-01-19 18:09:55,80,49309,92.53.119.137,10.1.19.102,TCP,1276
787,2017-01-19 18:09:55,80,49309,92.53.119.137,10.1.19.102,TCP,1395
788,2017-01-19 18:09:55,49309,80,10.1.19.102,92.53.119.137,TCP,60
789,2017-01-19 18:09:55,80,49309,92.53.119.137,10.1.19.102,TCP,1395
790,2017-01-19 18:09:55,80,49309,92.53.119.137,10.1.19.102,TCP,1514
791,2017-01-19 18:09:55,80,49309,92.53.119.137,10.1.19.102,TCP,1276
792,2017-01-19 18:09:55,80,49309,92.53.119.137,10.1.19.102,TCP,1395
793,2017-01-19 18:09:55,80,49309,92.53.119.137,10.1.19.102,TCP,1514
794,2017-01-19 18:09:55,80,49309,92.53.119.137,10.1.19.102,TCP,1276
795,2017-01-19 18:09:55,49309,80,10.1.19.102,92.53.119.137,TCP,60
796,2017-01-19 18:09:55,49309,80,10.1.19.102,92.53.119.137,TCP,60
797,2017-01-19 18:09:55,80,49309,92.53.119.137,10.1.19.102,TCP,1514
798,2017-01-19 18:09:55,80,49309,92.53.119.137,10.1.19.102,TCP,1276
799,2017-01-19 18:09:55,80,49309,92.53.119.137,10.1.19.102,TCP,1395
800,2017-01-19 18:09:55,49309,80,10.1.19.102,92.53.119.137,TCP,60
801,2017-01-19 18:09:55,80,49309,92.53.119.137,10.1.19.102,TCP,1514
802,2017-01-19 18:09:55,80,49309,92.53.119.137,10.1.19.102,TCP,1514
803,2017-01-19 18:09:55,80,49309,92.53.119.137,10.1.19.102,TCP,1157
804,2017-01-19 18:09:55,49309,80,10.1.19.102,92.53.119.137,TCP,60
805,2017-01-19 18:09:55,80,49309,92.53.119.137,10.1.19.102,TCP,1395
806,2017-01-19 18:09:55,80,49309,92.53.119.137,10.1.19.102,TCP,1514
807,2017-01-19 18:09:55,80,49309,92.53.119.137,10.1.19.102,TCP,1514
808,2017-01-19 18:09:55,80,49309,92.53.119.137,10.1.19.102,TCP,1157
809,2017-01-19 18:09:55,80,49309,92.53.119.137,10.1.19.102,TCP,1514
810,2017-01-19 18:09:55,80,49309,92.53.119.137,10.1.19.102,TCP,1276
811,2017-01-19 18:09:55,80,49309,92.53.119.137,10.1.19.102,TCP,1395
812,2017-01-19 18:09:55,49309,80,10.1.19.102,92.53.119.137,TCP,60
813,2017-01-19 18:09:55,80,49309,92.53.119.137,10.1.19.102,TCP,1514
814,2017-01-19 18:09:55,80,49309,92.53.119.137,10.1.19.102,TCP,1514
815,2017-01-19 18:09:55,80,49309,92.53.119.137,10.1.19.102,TCP,1157
816,2017-01-19 18:09:55,80,49309,92.53.119.137,10.1.19.102,TCP,1395
817,2017-01-19 18:09:55,80,49309,92.53.119.137,10.1.19.102,TCP,1514
818,2017-01-19 18:09:55,80,49309,92.53.119.137,10.1.19.102,TCP,1276
819,2017-01-19 18:09:55,80,49309,92.53.119.137,10.1.19.102,TCP,1395
820,2017-01-19 18:09:55,80,49309,92.53.119.137,10.1.19.102,TCP,1514
821,2017-01-19 18:09:55,80,49309,92.53.119.137,10.1.19.102,TCP,1276
822,2017-01-19 18:09:55,49309,80,10.1.19.102,92.53.119.137,TCP,60
823,2017-01-19 18:09:55,49309,80,10.1.19.102,92.53.119.137,TCP,60
824,2017-01-19 18:09:55,80,49309,92.53.119.137,10.1.19.102,TCP,1395
825,2017-01-19 18:09:55,80,49309,92.53.119.137,10.1.19.102,TCP,1395
826,2017-01-19 18:09:55,80,49309,92.53.119.137,10.1.19.102,TCP,1395
827,2017-01-19 18:09:55,80,49309,92.53.119.137,10.1.19.102,TCP,1395
828,2017-01-19 18:09:55,80,49309,92.53.119.137,10.1.19.102,TCP,1514
829,2017-01-19 18:09:55,80,49309,92.53.119.137,10.1.19.102,TCP,1276
830,2017-01-19 18:09:55,49309,80,10.1.19.102,92.53.119.137,TCP,60
831,2017-01-19 18:09:55,80,49309,92.53.119.137,10.1.19.102,TCP,1395
832,2017-01-19 18:09:55,49309,80,10.1.19.102,92.53.119.137,TCP,60
833,2017-01-19 18:09:55,80,49309,92.53.119.137,10.1.19.102,TCP,1514
834,2017-01-19 18:09:55,80,49309,92.53.119.137,10.1.19.102,TCP,1514
835,2017-01-19 18:09:55,80,49309,92.53.119.137,10.1.19.102,TCP,1157
836,2017-01-19 18:09:55,80,49309,92.53.119.137,10.1.19.102,TCP,1395
837,2017-01-19 18:09:55,80,49309,92.53.119.137,10.1.19.102,TCP,1395
838,2017-01-19 18:09:55,80,49309,92.53.119.137,10.1.19.102,TCP,1514
839,2017-01-19 18:09:55,80,49309,92.53.119.137,10.1.19.102,TCP,1276
840,2017-01-19 18:09:55,49309,80,10.1.19.102,92.53.119.137,TCP,60
841,2017-01-19 18:09:55,80,49309,92.53.119.137,10.1.19.102,TCP,1395
842,2017-01-19 18:09:55,80,49309,92.53.119.137,10.1.19.102,TCP,1395
843,2017-01-19 18:09:55,80,49309,92.53.119.137,10.1.19.102,TCP,1514
844,2017-01-19 18:09:55,80,49309,92.53.119.137,10.1.19.102,TCP,1514
845,2017-01-19 18:09:55,80,49309,92.53.119.137,10.1.19.102,TCP,1157
846,2017-01-19 18:09:55,80,49309,92.53.119.137,10.1.19.102,TCP,1395
847,2017-01-19 18:09:55,49309,80,10.1.19.102,92.53.119.137,TCP,60
848,2017-01-19 18:09:55,80,49309,92.53.119.137,10.1.19.102,TCP,1395
849,2017-01-19 18:09:55,80,49309,92.53.119.137,10.1.19.102,TCP,1514
850,2017-01-19 18:09:55,80,49309,92.53.119.137,10.1.19.102,TCP,1276
851,2017-01-19 18:09:55,80,49309,92.53.119.137,10.1.19.102,TCP,1395
852,2017-01-19 18:09:55,80,49309,92.53.119.137,10.1.19.102,TCP,1514
853,2017-01-19 18:09:55,80,49309,92.53.119.137,10.1.19.102,TCP,1276
854,2017-01-19 18:09:55,49309,80,10.1.19.102,92.53.119.137,TCP,60
855,2017-01-19 18:09:55,80,49309,92.53.119.137,10.1.19.102,TCP,1395
856,2017-01-19 18:09:55,80,49309,92.53.119.137,10.1.19.102,TCP,1514
857,2017-01-19 18:09:55,80,49309,92.53.119.137,10.1.19.102,TCP,1514
858,2017-01-19 18:09:55,80,49309,92.53.119.137,10.1.19.102,TCP,1157
859,2017-01-19 18:09:55,80,49309,92.53.119.137,10.1.19.102,TCP,1395
860,2017-01-19 18:09:55,49309,80,10.1.19.102,92.53.119.137,TCP,60
861,2017-01-19 18:09:55,80,49309,92.53.119.137,10.1.19.102,TCP,1395
862,2017-01-19 18:09:55,80,49309,92.53.119.137,10.1.19.102,TCP,1395
863,2017-01-19 18:09:55,80,49309,92.53.119.137,10.1.19.102,TCP,1395
864,2017-01-19 18:09:55,80,49309,92.53.119.137,10.1.19.102,TCP,1395
865,2017-01-19 18:09:55,80,49309,92.53.119.137,10.1.19.102,TCP,1395
866,2017-01-19 18:09:55,49309,80,10.1.19.102,92.53.119.137,TCP,60
867,2017-01-19 18:09:55,80,49309,92.53.119.137,10.1.19.102,TCP,1514
868,2017-01-19 18:09:55,80,49309,92.53.119.137,10.1.19.102,TCP,1276
869,2017-01-19 18:09:55,80,49309,92.53.119.137,10.1.19.102,TCP,1395
870,2017-01-19 18:09:55,80,49309,92.53.119.137,10.1.19.102,TCP,1514
871,2017-01-19 18:09:55,80,49309,92.53.119.137,10.1.19.102,TCP,1514
872,2017-01-19 18:09:55,80,49309,92.53.119.137,10.1.19.102,TCP,1157
873,2017-01-19 18:09:55,80,49309,92.53.119.137,10.1.19.102,TCP,1395
874,2017-01-19 18:09:55,49309,80,10.1.19.102,92.53.119.137,TCP,60
875,2017-01-19 18:09:55,80,49309,92.53.119.137,10.1.19.102,TCP,1395
876,2017-01-19 18:09:55,49309,80,10.1.19.102,92.53.119.137,TCP,60
877,2017-01-19 18:09:55,80,49309,92.53.119.137,10.1.19.102,TCP,1514
878,2017-01-19 18:09:55,80,49309,92.53.119.137,10.1.19.102,TCP,1276
879,2017-01-19 18:09:55,49309,80,10.1.19.102,92.53.119.137,TCP,60
880,2017-01-19 18:09:55,80,49309,92.53.119.137,10.1.19.102,TCP,1395
881,2017-01-19 18:09:55,80,49309,92.53.119.137,10.1.19.102,TCP,1514
882,2017-01-19 18:09:55,80,49309,92.53.119.137,10.1.19.102,TCP,1276
883,2017-01-19 18:09:55,49309,80,10.1.19.102,92.53.119.137,TCP,60
884,2017-01-19 18:09:55,80,49309,92.53.119.137,10.1.19.102,TCP,1395
885,2017-01-19 18:09:55,80,49309,92.53.119.137,10.1.19.102,TCP,1395
886,2017-01-19 18:09:55,49309,80,10.1.19.102,92.53.119.137,TCP,60
887,2017-01-19 18:09:55,80,49309,92.53.119.137,10.1.19.102,TCP,1395
888,2017-01-19 18:09:55,80,49309,92.53.119.137,10.1.19.102,TCP,1395
889,2017-01-19 18:09:55,49309,80,10.1.19.102,92.53.119.137,TCP,60
890,2017-01-19 18:09:55,80,49309,92.53.119.137,10.1.19.102,TCP,1395
891,2017-01-19 18:09:55,80,49309,92.53.119.137,10.1.19.102,TCP,1514
892,2017-01-19 18:09:55,80,49309,92.53.119.137,10.1.19.102,TCP,1276
893,2017-01-19 18:09:55,80,49309,92.53.119.137,10.1.19.102,TCP,1514
894,2017-01-19 18:09:55,80,49309,92.53.119.137,10.1.19.102,TCP,1276
895,2017-01-19 18:09:55,49309,80,10.1.19.102,92.53.119.137,TCP,60
896,2017-01-19 18:09:55,49309,80,10.1.19.102,92.53.119.137,TCP,60
897,2017-01-19 18:09:55,80,49309,92.53.119.137,10.1.19.102,TCP,1395
898,2017-01-19 18:09:55,80,49309,92.53.119.137,10.1.19.102,TCP,1395
899,2017-01-19 18:09:55,80,49309,92.53.119.137,10.1.19.102,TCP,1395
900,2017-01-19 18:09:55,80,49309,92.53.119.137,10.1.19.102,TCP,1395
901,2017-01-19 18:09:55,80,49309,92.53.119.137,10.1.19.102,TCP,1395
902,2017-01-19 18:09:55,80,49309,92.53.119.137,10.1.19.102,TCP,1395
903,2017-01-19 18:09:55,49309,80,10.1.19.102,92.53.119.137,TCP,60
904,2017-01-19 18:09:55,80,49309,92.53.119.137,10.1.19.102,TCP,1395
905,2017-01-19 18:09:55,80,49309,92.53.119.137,10.1.19.102,TCP,1395
906,2017-01-19 18:09:55,49309,80,10.1.19.102,92.53.119.137,TCP,60
907,2017-01-19 18:09:55,80,49309,92.53.119.137,10.1.19.102,TCP,1395
908,2017-01-19 18:09:55,80,49309,92.53.119.137,10.1.19.102,TCP,1395
909,2017-01-19 18:09:55,49309,80,10.1.19.102,92.53.119.137,TCP,60
910,2017-01-19 18:09:55,80,49309,92.53.119.137,10.1.19.102,TCP,1514
911,2017-01-19 18:09:55,80,49309,92.53.119.137,10.1.19.102,TCP,1276
912,2017-01-19 18:09:55,49309,80,10.1.19.102,92.53.119.137,TCP,60
913,2017-01-19 18:09:55,80,49309,92.53.119.137,10.1.19.102,TCP,1514
914,2017-01-19 18:09:55,80,49309,92.53.119.137,10.1.19.102,TCP,1276
915,2017-01-19 18:09:55,49309,80,10.1.19.102,92.53.119.137,TCP,60
916,2017-01-19 18:09:55,80,49309,92.53.119.137,10.1.19.102,TCP,1395
917,2017-01-19 18:09:55,80,49309,92.53.119.137,10.1.19.102,TCP,1514
918,2017-01-19 18:09:55,80,49309,92.53.119.137,10.1.19.102,TCP,1276
919,2017-01-19 18:09:55,49309,80,10.1.19.102,92.53.119.137,TCP,60
920,2017-01-19 18:09:55,80,49309,92.53.119.137,10.1.19.102,TCP,1395
921,2017-01-19 18:09:55,80,49309,92.53.119.137,10.1.19.102,TCP,1514
922,2017-01-19 18:09:55,80,49309,92.53.119.137,10.1.19.102,TCP,1514
923,2017-01-19 18:09:55,80,49309,92.53.119.137,10.1.19.102,TCP,1157
924,2017-01-19 18:09:55,80,49309,92.53.119.137,10.1.19.102,TCP,1395
925,2017-01-19 18:09:55,49309,80,10.1.19.102,92.53.119.137,TCP,60
926,2017-01-19 18:09:55,80,49309,92.53.119.137,10.1.19.102,TCP,1395
927,2017-01-19 18:09:55,80,49309,92.53.119.137,10.1.19.102,TCP,1395
928,2017-01-19 18:09:55,49309,80,10.1.19.102,92.53.119.137,TCP,60
929,2017-01-19 18:09:55,80,49309,92.53.119.137,10.1.19.102,TCP,1514
930,2017-01-19 18:09:55,80,49309,92.53.119.137,10.1.19.102,TCP,1276
931,2017-01-19 18:09:55,80,49309,92.53.119.137,10.1.19.102,TCP,1395
932,2017-01-19 18:09:55,80,49309,92.53.119.137,10.1.19.102,TCP,1395
933,2017-01-19 18:09:55,80,49309,92.53.119.137,10.1.19.102,TCP,1514
934,2017-01-19 18:09:55,80,49309,92.53.119.137,10.1.19.102,TCP,1276
935,2017-01-19 18:09:55,49309,80,10.1.19.102,92.53.119.137,TCP,60
936,2017-01-19 18:09:55,80,49309,92.53.119.137,10.1.19.102,TCP,1395
937,2017-01-19 18:09:55,80,49309,92.53.119.137,10.1.19.102,TCP,1395
938,2017-01-19 18:09:55,80,49309,92.53.119.137,10.1.19.102,TCP,1514
939,2017-01-19 18:09:55,80,49309,92.53.119.137,10.1.19.102,TCP,1276
940,2017-01-19 18:09:55,80,49309,92.53.119.137,10.1.19.102,TCP,1395
941,2017-01-19 18:09:55,49309,80,10.1.19.102,92.53.119.137,TCP,60
942,2017-01-19 18:09:55,80,49309,92.53.119.137,10.1.19.102,TCP,1395
943,2017-01-19 18:09:55,80,49309,92.53.119.137,10.1.19.102,TCP,1514
944,2017-01-19 18:09:55,80,49309,92.53.119.137,10.1.19.102,TCP,1395
945,2017-01-19 18:09:55,80,49309,92.53.119.137,10.1.19.102,TCP,1514
946,2017-01-19 18:09:55,80,49309,92.53.119.137,10.1.19.102,TCP,1276
947,2017-01-19 18:09:55,49309,80,10.1.19.102,92.53.119.137,TCP,60
948,2017-01-19 18:09:55,80,49309,92.53.119.137,10.1.19.102,TCP,1514
949,2017-01-19 18:09:55,80,49309,92.53.119.137,10.1.19.102,TCP,1276
950,2017-01-19 18:09:55,49309,80,10.1.19.102,92.53.119.137,TCP,60
951,2017-01-19 18:09:55,80,49309,92.53.119.137,10.1.19.102,TCP,1395
952,2017-01-19 18:09:55,80,49309,92.53.119.137,10.1.19.102,TCP,1395
953,2017-01-19 18:09:55,80,49309,92.53.119.137,10.1.19.102,TCP,1395
954,2017-01-19 18:09:55,80,49309,92.53.119.137,10.1.19.102,TCP,1395
955,2017-01-19 18:09:55,80,49309,92.53.119.137,10.1.19.102,TCP,1514
956,2017-01-19 18:09:55,80,49309,92.53.119.137,10.1.19.102,TCP,1276
957,2017-01-19 18:09:55,80,49309,92.53.119.137,10.1.19.102,TCP,1514
958,2017-01-19 18:09:55,80,49309,92.53.119.137,10.1.19.102,TCP,757
959,2017-01-19 18:09:55,49309,80,10.1.19.102,92.53.119.137,TCP,60
960,2017-01-19 18:09:55,49309,80,10.1.19.102,92.53.119.137,TCP,60
961,2017-01-19 18:09:57,49309,80,10.1.19.102,92.53.119.137,TCP,60
1282,2017-01-19 18:10:52,49297,80,10.1.19.102,92.53.119.137,TCP,60
1283,2019-12-02 00:59:56,39248,443,192.168.1.158,13.227.93.125,TCP,66
1284,2019-12-02 00:59:56,39246,443,192.168.1.158,13.227.93.125,TCP,66
1285,2019-12-02 00:59:56,443,39246,13.227.93.125,192.168.1.158,TCP,66
1286,2019-12-02 00:59:56,443,39248,13.227.93.125,192.168.1.158,TCP,66
1287,2019-12-02 00:59:56,47578,443,192.168.1.158,216.58.202.46,TLSv1.2,438
1288,2019-12-02 00:59:56,47578,443,192.168.1.158,216.58.202.46,TLSv1.2,571
1289,2019-12-02 00:59:56,443,47578,216.58.202.46,192.168.1.158,TCP,66
1290,2019-12-02 00:59:56,443,47578,216.58.202.46,192.168.1.158,TCP,66
1291,2019-12-02 00:59:56,443,47578,216.58.202.46,192.168.1.158,TLSv1.2,150
1292,2019-12-02 00:59:56,443,47578,216.58.202.46,192.168.1.158,TLSv1.2,245
1293,2019-12-02 00:59:56,443,47578,216.58.202.46,192.168.1.158,TLSv1.2,253
1294,2019-12-02 00:59:56,443,47578,216.58.202.46,192.168.1.158,TLSv1.2,105
1295,2019-12-02 00:59:56,47578,443,192.168.1.158,216.58.202.46,TCP,66
1296,2019-12-02 00:59:56,47578,443,192.168.1.158,216.58.202.46,TLSv1.2,105
1297,2019-12-02 00:59:56,443,47578,216.58.202.46,192.168.1.158,TCP,66
1298,2019-12-02 00:59:58,,,192.168.1.1,224.0.0.1,IGMPv3,60
1299,2019-12-02 00:59:59,,,192.168.1.1,224.0.0.22,IGMPv3,70
1300,2019-12-02 01:00:03,,,192.168.1.254,224.0.0.22,IGMPv3,60
1301,2019-12-02 01:00:06,39248,443,192.168.1.158,13.227.93.125,TCP,66
1302,2019-12-02 01:00:06,39246,443,192.168.1.158,13.227.93.125,TCP,66
1303,2019-12-02 01:00:06,443,39246,13.227.93.125,192.168.1.158,TCP,66
1304,2019-12-02 01:00:06,443,39248,13.227.93.125,192.168.1.158,TCP,66
1305,2019-12-02 01:00:06,443,38432,107.20.240.232,192.168.1.158,TLSv1.2,105
1306,2019-12-02 01:00:06,38432,443,192.168.1.158,107.20.240.232,TCP,66
1307,2019-12-02 01:00:06,38432,443,192.168.1.158,107.20.240.232,TLSv1.2,105
1308,2019-12-02 01:00:06,443,38432,107.20.240.232,192.168.1.158,TLSv1.2,90
1309,2019-12-02 01:00:06,38432,443,192.168.1.158,107.20.240.232,TLSv1.2,90
1310,2019-12-02 01:00:06,38432,443,192.168.1.158,107.20.240.232,TCP,66
1311,2019-12-02 01:00:06,443,38432,107.20.240.232,192.168.1.158,TCP,60
1312,2019-12-02 01:00:06,443,38432,107.20.240.232,192.168.1.158,TCP,60
1313,2019-12-02 01:00:06,443,38432,107.20.240.232,192.168.1.158,TCP,60
1314,2019-12-02 01:00:06,,,192.168.1.151,224.0.0.22,IGMPv3,60
1315,2019-12-02 01:00:07,39246,443,192.168.1.158,13.227.93.125,TLSv1.2,404
1316,2019-12-02 01:00:07,443,39246,13.227.93.125,192.168.1.158,TCP,1514
1317,2019-12-02 01:00:07,39246,443,192.168.1.158,13.227.93.125,TCP,66
1318,2019-12-02 01:00:07,443,39246,13.227.93.125,192.168.1.158,TCP,1514
1319,2019-12-02 01:00:07,39246,443,192.168.1.158,13.227.93.125,TCP,66
1320,2019-12-02 01:00:07,443,39246,13.227.93.125,192.168.1.158,TLSv1.2,1145
1321,2019-12-02 01:00:07,39246,443,192.168.1.158,13.227.93.125,TCP,66
1322,2019-12-02 01:00:07,39246,443,192.168.1.158,13.227.93.125,TLSv1.2,404
1323,2019-12-02 01:00:07,39246,443,192.168.1.158,13.227.93.125,TLSv1.2,97
1324,2019-12-02 01:00:07,39246,443,192.168.1.158,13.227.93.125,TCP,66
1325,2019-12-02 01:00:07,443,39246,13.227.93.125,192.168.1.158,TCP,66
1326,2019-12-02 01:00:07,443,39246,13.227.93.125,192.168.1.158,TCP,66
1327,2019-12-02 01:00:07,39246,443,192.168.1.158,13.227.93.125,TCP,66
1328,2019-12-02 01:00:09,47977,53,192.168.1.158,200.42.4.199,DNS,74
1329,2019-12-02 01:00:09,53,47977,200.42.4.199,192.168.1.158,DNS,90
1330,2019-12-02 01:00:09,52818,443,192.168.1.158,172.217.172.68,TCP,74
1331,2019-12-02 01:00:09,443,52818,172.217.172.68,192.168.1.158,TCP,74
1332,2019-12-02 01:00:09,52818,443,192.168.1.158,172.217.172.68,TCP,66
1333,2019-12-02 01:00:09,52818,443,192.168.1.158,172.217.172.68,TLSv1.3,696
1334,2019-12-02 01:00:09,443,52818,172.217.172.68,192.168.1.158,TCP,66
1335,2019-12-02 01:00:09,443,52818,172.217.172.68,192.168.1.158,TLSv1.3,278
1336,2019-12-02 01:00:09,52818,443,192.168.1.158,172.217.172.68,TCP,66
1337,2019-12-02 01:00:09,52818,443,192.168.1.158,172.217.172.68,TLSv1.3,130
1338,2019-12-02 01:00:09,52818,443,192.168.1.158,172.217.172.68,TLSv1.3,236
1339,2019-12-02 01:00:09,52818,443,192.168.1.158,172.217.172.68,TLSv1.3,495
1340,2019-12-02 01:00:09,443,52818,172.217.172.68,192.168.1.158,TCP,66
1341,2019-12-02 01:00:09,443,52818,172.217.172.68,192.168.1.158,TCP,66
1342,2019-12-02 01:00:09,443,52818,172.217.172.68,192.168.1.158,TCP,66
1343,2019-12-02 01:00:09,443,52818,172.217.172.68,192.168.1.158,TLSv1.3,630
1344,2019-12-02 01:00:09,52818,443,192.168.1.158,172.217.172.68,TCP,66
1345,2019-12-02 01:00:09,52818,443,192.168.1.158,172.217.172.68,TLSv1.3,97
1346,2019-12-02 01:00:09,443,52818,172.217.172.68,192.168.1.158,TLSv1.3,97
1347,2019-12-02 01:00:09,52818,443,192.168.1.158,172.217.172.68,TCP,66
1348,2019-12-02 01:00:09,443,52818,172.217.172.68,192.168.1.158,TCP,66
1349,2019-12-02 01:00:09,443,52818,172.217.172.68,192.168.1.158,TLSv1.3,463
1350,2019-12-02 01:00:09,52818,443,192.168.1.158,172.217.172.68,TCP,66
1351,2019-12-02 01:00:09,443,52818,172.217.172.68,192.168.1.158,TLSv1.3,1484
1352,2019-12-02 01:00:09,52818,443,192.168.1.158,172.217.172.68,TCP,66
1353,2019-12-02 01:00:09,443,52818,172.217.172.68,192.168.1.158,TLSv1.3,4320
1354,2019-12-02 01:00:09,52818,443,192.168.1.158,172.217.172.68,TCP,66
1355,2019-12-02 01:00:09,443,52818,172.217.172.68,192.168.1.158,TLSv1.3,1106
1356,2019-12-02 01:00:09,52818,443,192.168.1.158,172.217.172.68,TCP,66
1357,2019-12-02 01:00:09,443,52818,172.217.172.68,192.168.1.158,TLSv1.3,1484
1358,2019-12-02 01:00:09,52818,443,192.168.1.158,172.217.172.68,TCP,66
1359,2019-12-02 01:00:09,443,52818,172.217.172.68,192.168.1.158,TLSv1.3,1484
1360,2019-12-02 01:00:09,52818,443,192.168.1.158,172.217.172.68,TCP,66
1361,2019-12-02 01:00:09,443,52818,172.217.172.68,192.168.1.158,TLSv1.3,1484
1362,2019-12-02 01:00:09,52818,443,192.168.1.158,172.217.172.68,TCP,66
1363,2019-12-02 01:00:09,443,52818,172.217.172.68,192.168.1.158,TLSv1.3,1484
1364,2019-12-02 01:00:09,52818,443,192.168.1.158,172.217.172.68,TCP,66
1365,2019-12-02 01:00:09,443,52818,172.217.172.68,192.168.1.158,TLSv1.3,1484
1366,2019-12-02 01:00:09,52818,443,192.168.1.158,172.217.172.68,TCP,66
1367,2019-12-02 01:00:09,443,52818,172.217.172.68,192.168.1.158,TLSv1.3,1309
1368,2019-12-02 01:00:09,52818,443,192.168.1.158,172.217.172.68,TCP,66
1369,2019-12-02 01:00:09,443,52818,172.217.172.68,192.168.1.158,TLSv1.3,1484
1370,2019-12-02 01:00:09,443,52818,172.217.172.68,192.168.1.158,TLSv1.3,2902
1371,2019-12-02 01:00:09,52818,443,192.168.1.158,172.217.172.68,TCP,66
1372,2019-12-02 01:00:09,443,52818,172.217.172.68,192.168.1.158,TLSv1.3,1484
1373,2019-12-02 01:00:09,443,52818,172.217.172.68,192.168.1.158,TLSv1.3,2727
1374,2019-12-02 01:00:09,52818,443,192.168.1.158,172.217.172.68,TCP,66
1375,2019-12-02 01:00:09,443,52818,172.217.172.68,192.168.1.158,TLSv1.3,1484
1376,2019-12-02 01:00:09,443,52818,172.217.172.68,192.168.1.158,TLSv1.3,1484
1377,2019-12-02 01:00:09,52818,443,192.168.1.158,172.217.172.68,TCP,66
1378,2019-12-02 01:00:09,443,52818,172.217.172.68,192.168.1.158,TLSv1.3,1484
1379,2019-12-02 01:00:09,443,52818,172.217.172.68,192.168.1.158,TLSv1.3,1484
1380,2019-12-02 01:00:09,52818,443,192.168.1.158,172.217.172.68,TCP,66
1381,2019-12-02 01:00:09,443,52818,172.217.172.68,192.168.1.158,TLSv1.3,1484
1382,2019-12-02 01:00:09,443,52818,172.217.172.68,192.168.1.158,TLSv1.3,1484
1383,2019-12-02 01:00:09,52818,443,192.168.1.158,172.217.172.68,TCP,66
1384,2019-12-02 01:00:09,443,52818,172.217.172.68,192.168.1.158,TLSv1.3,2902
1385,2019-12-02 01:00:09,52818,443,192.168.1.158,172.217.172.68,TCP,66
1386,2019-12-02 01:00:09,443,52818,172.217.172.68,192.168.1.158,TLSv1.3,1484
1387,2019-12-02 01:00:09,52818,443,192.168.1.158,172.217.172.68,TCP,66
1388,2019-12-02 01:00:09,443,52818,172.217.172.68,192.168.1.158,TLSv1.3,1484
1389,2019-12-02 01:00:09,52818,443,192.168.1.158,172.217.172.68,TCP,66
1390,2019-12-02 01:00:09,443,52818,172.217.172.68,192.168.1.158,TLSv1.3,1484
1391,2019-12-02 01:00:09,52818,443,192.168.1.158,172.217.172.68,TCP,66
1392,2019-12-02 01:00:09,443,52818,172.217.172.68,192.168.1.158,TLSv1.3,1484
1393,2019-12-02 01:00:09,52818,443,192.168.1.158,172.217.172.68,TCP,66
1394,2019-12-02 01:00:09,443,52818,172.217.172.68,192.168.1.158,TLSv1.3,1484
1395,2019-12-02 01:00:09,52818,443,192.168.1.158,172.217.172.68,TCP,66
1396,2019-12-02 01:00:09,443,52818,172.217.172.68,192.168.1.158,TLSv1.3,1484
1397,2019-12-02 01:00:09,52818,443,192.168.1.158,172.217.172.68,TCP,66
1398,2019-12-02 01:00:09,443,52818,172.217.172.68,192.168.1.158,TLSv1.3,2902
1399,2019-12-02 01:00:09,52818,443,192.168.1.158,172.217.172.68,TCP,66
1400,2019-12-02 01:00:09,443,52818,172.217.172.68,192.168.1.158,TLSv1.3,1484
1401,2019-12-02 01:00:09,52818,443,192.168.1.158,172.217.172.68,TCP,66
1402,2019-12-02 01:00:09,443,52818,172.217.172.68,192.168.1.158,TLSv1.3,1484
1403,2019-12-02 01:00:09,52818,443,192.168.1.158,172.217.172.68,TCP,66
1404,2019-12-02 01:00:09,443,52818,172.217.172.68,192.168.1.158,TLSv1.3,1484
1405,2019-12-02 01:00:09,52818,443,192.168.1.158,172.217.172.68,TCP,66
1406,2019-12-02 01:00:09,443,52818,172.217.172.68,192.168.1.158,TLSv1.3,1484
1407,2019-12-02 01:00:09,52818,443,192.168.1.158,172.217.172.68,TCP,66
1408,2019-12-02 01:00:09,443,52818,172.217.172.68,192.168.1.158,TLSv1.3,1484
1409,2019-12-02 01:00:09,52818,443,192.168.1.158,172.217.172.68,TCP,66
1410,2019-12-02 01:00:09,443,52818,172.217.172.68,192.168.1.158,TLSv1.3,1484
1411,2019-12-02 01:00:09,52818,443,192.168.1.158,172.217.172.68,TCP,66
1412,2019-12-02 01:00:09,443,52818,172.217.172.68,192.168.1.158,TLSv1.3,1484
1413,2019-12-02 01:00:09,52818,443,192.168.1.158,172.217.172.68,TCP,66
1414,2019-12-02 01:00:09,443,52818,172.217.172.68,192.168.1.158,TLSv1.3,1484
1415,2019-12-02 01:00:09,52818,443,192.168.1.158,172.217.172.68,TCP,66
1416,2019-12-02 01:00:09,443,52818,172.217.172.68,192.168.1.158,TLSv1.3,471
1417,2019-12-02 01:00:09,52818,443,192.168.1.158,172.217.172.68,TCP,66
1418,2019-12-02 01:00:09,443,52818,172.217.172.68,192.168.1.158,TLSv1.3,292
1419,2019-12-02 01:00:09,52818,443,192.168.1.158,172.217.172.68,TCP,66
1420,2019-12-02 01:00:09,443,52818,172.217.172.68,192.168.1.158,TLSv1.3,1210
1421,2019-12-02 01:00:09,52818,443,192.168.1.158,172.217.172.68,TCP,66
1422,2019-12-02 01:00:09,443,52818,172.217.172.68,192.168.1.158,TLSv1.3,97
1423,2019-12-02 01:00:09,443,52818,172.217.172.68,192.168.1.158,TLSv1.3,105
1424,2019-12-02 01:00:09,52818,443,192.168.1.158,172.217.172.68,TCP,66
1425,2019-12-02 01:00:09,52818,443,192.168.1.158,172.217.172.68,TLSv1.3,105
1426,2019-12-02 01:00:09,443,52818,172.217.172.68,192.168.1.158,TCP,66
1427,2019-12-02 01:00:09,52818,443,192.168.1.158,172.217.172.68,TLSv1.3,221
1428,2019-12-02 01:00:09,52818,443,192.168.1.158,172.217.172.68,TLSv1.3,101
1429,2019-12-02 01:00:09,443,52818,172.217.172.68,192.168.1.158,TCP,66
1430,2019-12-02 01:00:09,443,52818,172.217.172.68,192.168.1.158,TCP,66
1431,2019-12-02 01:00:09,34593,53,192.168.1.158,200.42.4.199,DNS,87
1432,2019-12-02 01:00:10,53,34593,200.42.4.199,192.168.1.158,DNS,103
1433,2019-12-02 01:00:10,53860,443,192.168.1.158,172.217.30.234,TCP,74
1434,2019-12-02 01:00:10,443,53860,172.217.30.234,192.168.1.158,TCP,74
1435,2019-12-02 01:00:10,53860,443,192.168.1.158,172.217.30.234,TCP,66
1436,2019-12-02 01:00:10,53860,443,192.168.1.158,172.217.30.234,TLSv1.3,709
1437,2019-12-02 01:00:10,443,53860,172.217.30.234,192.168.1.158,TCP,66
1438,2019-12-02 01:00:10,443,53860,172.217.30.234,192.168.1.158,TLSv1.3,278
1439,2019-12-02 01:00:10,53860,443,192.168.1.158,172.217.30.234,TCP,66
1440,2019-12-02 01:00:10,53860,443,192.168.1.158,172.217.30.234,TLSv1.3,130
1441,2019-12-02 01:00:10,53860,443,192.168.1.158,172.217.30.234,TLSv1.3,236
1442,2019-12-02 01:00:10,53860,443,192.168.1.158,172.217.30.234,TLSv1.3,490
1443,2019-12-02 01:00:10,443,53860,172.217.30.234,192.168.1.158,TLSv1.3,630
1444,2019-12-02 01:00:10,53860,443,192.168.1.158,172.217.30.234,TCP,66
1445,2019-12-02 01:00:10,53860,443,192.168.1.158,172.217.30.234,TLSv1.3,97
1446,2019-12-02 01:00:10,443,53860,172.217.30.234,192.168.1.158,TCP,66
1447,2019-12-02 01:00:10,443,53860,172.217.30.234,192.168.1.158,TLSv1.3,97
1448,2019-12-02 01:00:10,53860,443,192.168.1.158,172.217.30.234,TCP,66
1449,2019-12-02 01:00:10,443,53860,172.217.30.234,192.168.1.158,TCP,66
1450,2019-12-02 01:00:10,443,53860,172.217.30.234,192.168.1.158,TLSv1.3,383
1451,2019-12-02 01:00:10,53860,443,192.168.1.158,172.217.30.234,TCP,66
1452,2019-12-02 01:00:10,443,53860,172.217.30.234,192.168.1.158,TLSv1.3,556
1453,2019-12-02 01:00:10,53860,443,192.168.1.158,172.217.30.234,TCP,66
1454,2019-12-02 01:00:10,443,53860,172.217.30.234,192.168.1.158,TLSv1.3,105
1455,2019-12-02 01:00:10,53860,443,192.168.1.158,172.217.30.234,TCP,66
1456,2019-12-02 01:00:10,53860,443,192.168.1.158,172.217.30.234,TLSv1.3,105
1457,2019-12-02 01:00:10,443,53860,172.217.30.234,192.168.1.158,TCP,66
1458,2019-12-02 01:00:11,52818,443,192.168.1.158,172.217.172.68,TLSv1.3,319
1459,2019-12-02 01:00:11,443,52818,172.217.172.68,192.168.1.158,TCP,66
1460,2019-12-02 01:00:11,52818,443,192.168.1.158,172.217.172.68,TLSv1.3,238
1461,2019-12-02 01:00:11,443,52818,172.217.172.68,192.168.1.158,TLSv1.3,262
1462,2019-12-02 01:00:11,443,52818,172.217.172.68,192.168.1.158,TLSv1.3,245
1463,2019-12-02 01:00:11,443,52818,172.217.172.68,192.168.1.158,TLSv1.3,98
1464,2019-12-02 01:00:11,443,52818,172.217.172.68,192.168.1.158,TLSv1.3,97
1465,2019-12-02 01:00:11,443,52818,172.217.172.68,192.168.1.158,TLSv1.3,105
1466,2019-12-02 01:00:11,52818,443,192.168.1.158,172.217.172.68,TCP,66
1467,2019-12-02 01:00:11,52818,443,192.168.1.158,172.217.172.68,TLSv1.3,105
1468,2019-12-02 01:00:11,443,52818,172.217.172.68,192.168.1.158,TCP,66
1469,2019-12-02 01:00:11,443,52818,172.217.172.68,192.168.1.158,TCP,66
1470,2019-12-02 01:00:11,443,52818,172.217.172.68,192.168.1.158,TLSv1.3,137
1471,2019-12-02 01:00:11,443,52818,172.217.172.68,192.168.1.158,TLSv1.3,262
1472,2019-12-02 01:00:11,52818,443,192.168.1.158,172.217.172.68,TCP,66
1473,2019-12-02 01:00:11,443,52818,172.217.172.68,192.168.1.158,TLSv1.3,98
1474,2019-12-02 01:00:11,443,52818,172.217.172.68,192.168.1.158,TLSv1.3,97
1475,2019-12-02 01:00:11,443,52818,172.217.172.68,192.168.1.158,TLSv1.3,105
1476,2019-12-02 01:00:11,52818,443,192.168.1.158,172.217.172.68,TCP,66
1477,2019-12-02 01:00:11,52818,443,192.168.1.158,172.217.172.68,TLSv1.3,105
1478,2019-12-02 01:00:11,443,52818,172.217.172.68,192.168.1.158,TCP,66
1479,2019-12-02 01:00:11,52818,443,192.168.1.158,172.217.172.68,TLSv1.3,239
1480,2019-12-02 01:00:11,443,52818,172.217.172.68,192.168.1.158,TCP,66
1481,2019-12-02 01:00:11,443,52818,172.217.172.68,192.168.1.158,TLSv1.3,137
1482,2019-12-02 01:00:11,443,52818,172.217.172.68,192.168.1.158,TLSv1.3,225
1483,2019-12-02 01:00:11,52818,443,192.168.1.158,172.217.172.68,TCP,66
1484,2019-12-02 01:00:11,443,52818,172.217.172.68,192.168.1.158,TLSv1.3,98
1485,2019-12-02 01:00:11,443,52818,172.217.172.68,192.168.1.158,TLSv1.3,97
1486,2019-12-02 01:00:11,443,52818,172.217.172.68,192.168.1.158,TLSv1.3,105
1487,2019-12-02 01:00:11,52818,443,192.168.1.158,172.217.172.68,TCP,66
1488,2019-12-02 01:00:11,52818,443,192.168.1.158,172.217.172.68,TLSv1.3,105
1489,2019-12-02 01:00:11,443,52818,172.217.172.68,192.168.1.158,TCP,66
1490,2019-12-02 01:00:12,52818,443,192.168.1.158,172.217.172.68,TLSv1.3,306
1491,2019-12-02 01:00:12,443,52818,172.217.172.68,192.168.1.158,TCP,66
1492,2019-12-02 01:00:12,443,52818,172.217.172.68,192.168.1.158,TLSv1.3,220
1493,2019-12-02 01:00:12,443,52818,172.217.172.68,192.168.1.158,TLSv1.3,1484
1494,2019-12-02 01:00:12,52818,443,192.168.1.158,172.217.172.68,TCP,66
1495,2019-12-02 01:00:12,443,52818,172.217.172.68,192.168.1.158,TLSv1.3,4320
1496,2019-12-02 01:00:12,52818,443,192.168.1.158,172.217.172.68,TCP,66
1497,2019-12-02 01:00:12,443,52818,172.217.172.68,192.168.1.158,TLSv1.3,1484
1498,2019-12-02 01:00:12,443,52818,172.217.172.68,192.168.1.158,TLSv1.3,1183
1499,2019-12-02 01:00:12,52818,443,192.168.1.158,172.217.172.68,TCP,66
1500,2019-12-02 01:00:12,443,52818,172.217.172.68,192.168.1.158,TLSv1.3,1484
